date,code,name,prev_date,prev_close,prev_volume_lots,open,open_gap_pct,price_bucket
2026-01-06,1717,長興,20260105,46.10,33489.271,49.60,7.5922,30-50
2026-01-06,2337,旺宏,20260105,47.65,35505.893,49.40,3.6726,30-50
2026-01-06,2409,友達,20260105,13.85,264402.662,14.50,4.6931,<30
2026-01-06,2543,皇昌,20260105,66.50,8947.972,68.20,2.5564,50-70
2026-01-06,3312,弘憶股,20260105,42.10,11102.756,41.80,-0.7126,30-50
2026-01-06,3481,群創,20260105,19.90,536713.013,20.50,3.0151,<30
2026-01-06,4130,健亞,20260105,30.40,5468,30.50,0.3289,30-50
2026-01-06,5351,鈺創,20260105,61.30,46519,62.00,1.1419,50-70
2026-01-06,6116,彩晶,20260105,8.78,45295.326,9.52,8.4282,<30
2026-01-06,6155,鈞寶,20260105,53.20,6188.249,51.00,-4.1353,50-70
2026-01-06,8105,凌巨,20260105,12.45,5406.053,13.00,4.4177,<30
2026-01-06,8110,華東,20260105,68.50,85978.993,69.30,1.1679,50-70
2026-01-07,1717,長興,20260106,50.70,83779.541,51.20,0.9862,50-70
2026-01-07,2337,旺宏,20260106,52.40,377247.63,57.00,8.7786,50-70
2026-01-07,2342,茂矽,20260106,32.90,7905.499,36.15,9.8784,30-50
2026-01-07,2349,錸德,20260106,14.70,19672.037,15.00,2.0408,<30
2026-01-07,2409,友達,20260106,15.20,322393.571,16.40,7.8947,<30
2026-01-07,2489,瑞軒,20260106,17.30,28594.503,17.60,1.7341,<30
2026-01-07,3481,群創,20260106,21.85,1042548.581,22.55,3.2037,<30
2026-01-07,4927,泰鼎-KY,20260106,35.55,55963.205,36.70,3.2349,30-50
2026-01-07,6116,彩晶,20260106,9.65,41239.683,10.60,9.8446,<30
2026-01-07,6120,達運,20260106,13.50,15012.376,13.55,0.3704,<30
2026-01-07,6770,力積電,20260106,47.75,447327.296,50.00,4.7120,50-70
2026-01-07,8105,凌巨,20260106,13.65,12804.816,14.20,4.0293,<30
2026-01-08,1303,南亞,20260107,64.70,206471.229,66.20,2.3184,50-70
2026-01-08,1605,華新,20260107,39.65,264591.244,39.80,0.3783,30-50
2026-01-08,1717,長興,20260107,55.70,127396.434,55.70,0.0000,50-70
2026-01-08,2303,聯電,20260107,54.10,232693.576,57.00,5.3604,50-70
2026-01-08,2337,旺宏,20260107,57.60,465772.691,57.30,-0.5208,50-70
2026-01-08,2342,茂矽,20260107,36.15,16586.167,35.00,-3.1812,30-50
2026-01-08,2349,錸德,20260107,16.15,23887.955,16.85,4.3344,<30
2026-01-08,2367,燿華,20260107,31.65,102198.332,32.00,1.1058,30-50
2026-01-08,2369,菱生,20260107,26.65,32173.378,27.70,3.9400,<30
2026-01-08,2409,友達,20260107,16.70,852102.789,16.95,1.4970,<30
2026-01-08,2495,普安,20260107,33.30,24501.039,33.60,0.9009,30-50
2026-01-08,3049,精金,20260107,7.19,10526.934,7.48,4.0334,<30
2026-01-08,3060,銘異,20260107,36.35,16229.715,38.00,4.5392,30-50
2026-01-08,3576,聯合再生,20260107,9.32,24008.305,9.82,5.3648,<30
2026-01-08,4973,廣穎,20260107,44.10,12482,44.90,1.8141,30-50
2026-01-08,5521,工信,20260107,23.90,10026.57,25.60,7.1130,<30
2026-01-08,6116,彩晶,20260107,10.60,35250.609,11.25,6.1321,<30
2026-01-08,6244,茂迪,20260107,22.10,12855,22.75,2.9412,<30
2026-01-08,6443,元晶,20260107,28.40,80654.537,29.80,4.9296,<30
2026-01-08,8105,凌巨,20260107,15.00,28057.364,15.60,4.0000,<30
2026-01-08,8215,明基材,20260107,22.20,10972.629,22.00,-0.9009,<30
2026-01-08,8422,可寧衛*,20260107,34.90,162827.918,36.20,3.7249,30-50
2026-01-09,1714,和桐,20260108,8.97,18741.577,9.28,3.4560,<30
2026-01-09,2337,旺宏,20260108,63.30,528977.458,63.30,0.0000,50-70
2026-01-09,4973,廣穎,20260108,48.50,12434,51.30,5.7732,50-70
2026-01-09,6015,宏遠證,20260108,12.35,14044,12.85,4.0486,<30
2026-01-09,6016,康和證,20260108,15.15,31359,15.85,4.6205,<30
2026-01-09,6116,彩晶,20260108,11.65,282348.036,11.65,0.0000,<30
2026-01-09,6443,元晶,20260108,31.20,71328.411,32.30,3.5256,30-50
2026-01-09,6603,富強鑫,20260108,30.45,12148,31.95,4.9261,30-50
2026-01-09,8074,鉅橡,20260108,51.20,9116,52.00,1.5625,50-70
2026-01-09,8088,品安,20260108,54.10,25570,55.80,3.1423,50-70
2026-01-12,1810,和成,20260109,20.35,8308.828,20.00,-1.7199,<30
2026-01-12,3543,州巧,20260109,46.75,7695.221,47.15,0.8556,30-50
2026-01-12,4541,晟田,20260109,45.65,5980,46.20,1.2048,30-50
2026-01-12,4743,合一,20260109,69.30,12687,70.00,1.0101,70-100
2026-01-12,5521,工信,20260109,24.25,26754.805,24.25,0.0000,<30
2026-01-12,6163,華電網,20260109,59.70,19141,62.70,5.0251,50-70
2026-01-12,6603,富強鑫,20260109,33.45,19689,33.80,1.0463,30-50
2026-01-12,8042,金山電,20260109,63.80,14623,64.50,1.0972,50-70
2026-01-12,8043,蜜望實,20260109,87.40,19157,90.50,3.5469,70-100
2026-01-12,8074,鉅橡,20260109,56.30,36926,57.00,1.2433,50-70
2026-01-12,8150,南茂,20260109,58.30,77206.852,62.00,6.3465,50-70
2026-01-12,8422,可寧衛*,20260109,39.05,265412.712,42.85,9.7311,30-50
2026-01-13,2312,金寶,20260112,25.05,124090.953,26.10,4.1916,<30
2026-01-13,2367,燿華,20260112,33.65,118461.767,35.05,4.1605,30-50
2026-01-13,2406,國碩,20260112,28.05,18465.894,29.80,6.2389,<30
2026-01-13,2419,仲琦,20260112,28.15,7266.331,29.30,4.0853,<30
2026-01-13,2485,兆赫,20260112,27.50,13048.2,30.00,9.0909,30-50
2026-01-13,3481,群創,20260112,22.00,123914.785,22.25,1.1364,<30
2026-01-13,4130,健亞,20260112,36.55,7329,36.90,0.9576,30-50
2026-01-13,4909,新復興,20260112,62.20,10557,63.90,2.7331,50-70
2026-01-13,5302,太欣,20260112,12.40,5615,13.30,7.2581,<30
2026-01-13,6163,華電網,20260112,65.60,23918,68.10,3.8110,50-70
2026-01-13,6443,元晶,20260112,34.80,61726.695,38.00,9.1954,30-50
2026-01-13,8064,東捷,20260112,50.80,9177,54.40,7.0866,50-70
2026-01-13,8422,可寧衛*,20260112,42.95,59797.614,47.20,9.8952,30-50
2026-01-13,9955,佳龍,20260112,33.55,5171.602,35.25,5.0671,30-50
2026-01-14,1717,長興,20260113,59.50,108250.935,62.90,5.7143,50-70
2026-01-14,2305,全友,20260113,13.60,9635.4,13.90,2.2059,<30
2026-01-14,2312,金寶,20260113,27.55,213224.886,29.70,7.8040,<30
2026-01-14,2331,精英,20260113,26.20,33188.518,27.90,6.4885,<30
2026-01-14,2371,大同,20260113,35.65,70391.76,39.00,9.3969,30-50
2026-01-14,2406,國碩,20260113,30.85,75185.818,32.10,4.0519,30-50
2026-01-14,2478,大毅,20260113,71.50,10206.002,75.00,4.8951,70-100
2026-01-14,2485,兆赫,20260113,30.25,75018.627,32.35,6.9421,30-50
2026-01-14,5425,台半,20260113,65.80,38424,67.90,3.1915,50-70
2026-01-14,6265,方土昶,20260113,41.70,6890,41.50,-0.4796,30-50
2026-01-14,6806,森崴能源,20260113,44.05,7185.345,45.35,2.9512,30-50
2026-01-14,8064,東捷,20260113,55.80,16453,57.40,2.8674,50-70
2026-01-14,8422,可寧衛*,20260113,47.20,23172.879,51.90,9.9576,50-70
2026-01-14,9955,佳龍,20260113,36.90,12063.871,38.50,4.3360,30-50
2026-01-15,1504,東元,20260114,90.50,60752.852,92.00,1.6575,70-100
2026-01-15,1711,永光,20260114,24.30,22048.102,25.00,2.8807,<30
2026-01-15,2305,全友,20260114,14.95,12227.983,15.30,2.3411,<30
2026-01-15,2312,金寶,20260114,30.30,63980.386,31.95,5.4455,30-50
2026-01-15,2331,精英,20260114,28.80,24526.518,29.80,3.4722,<30
2026-01-15,2332,友訊,20260114,17.05,17451.365,17.45,2.3460,<30
2026-01-15,2349,錸德,20260114,16.30,37081.496,16.70,2.4540,<30
2026-01-15,2419,仲琦,20260114,32.75,17417.519,32.75,0.0000,30-50
2026-01-15,2485,兆赫,20260114,33.25,19042.554,35.90,7.9699,30-50
2026-01-15,3050,鈺德,20260114,15.30,7616.448,15.15,-0.9804,<30
2026-01-15,3236,千如,20260114,35.90,13204,36.70,2.2284,30-50
2026-01-15,3576,聯合再生,20260114,10.75,36744.365,11.50,6.9767,<30
2026-01-15,4510,高鋒,20260114,44.65,7519,45.00,0.7839,30-50
2026-01-15,4533,協易機,20260114,25.10,6091,26.75,6.5737,<30
2026-01-15,4903,聯光通,20260114,40.25,5551,42.05,4.4720,30-50
2026-01-15,4989,榮科,20260114,60.50,47623.302,61.50,1.6529,50-70
2026-01-15,5328,華容,20260114,23.50,21822,24.95,6.1702,<30
2026-01-15,5498,凱崴,20260114,60.50,6786,60.70,0.3306,50-70
2026-01-15,6155,鈞寶,20260114,55.20,7854.799,59.00,6.8841,50-70
2026-01-15,6173,信昌電,20260114,76.60,29075,77.10,0.6527,70-100
2026-01-15,6182,合晶,20260114,39.60,60540,40.00,1.0101,30-50
2026-01-15,6284,佳邦,20260114,93.20,11877,97.40,4.5064,70-100
2026-01-15,8042,金山電,20260114,70.40,20050,71.40,1.4205,70-100
2026-01-15,8422,可寧衛*,20260114,51.90,36780.93,46.90,-9.6339,30-50
2026-01-15,8476,台境*,20260114,22.70,7092.93,24.95,9.9119,<30
2026-01-15,9955,佳龍,20260114,40.55,19093.157,41.55,2.4661,30-50
2026-01-16,1303,南亞,20260115,69.70,226595.276,71.80,3.0129,70-100
2026-01-16,1717,長興,20260115,67.10,112612.359,69.00,2.8316,50-70
2026-01-16,1721,三晃,20260115,18.75,15478.642,18.85,0.5333,<30
2026-01-16,1802,台玻,20260115,38.00,222349.558,40.50,6.5789,30-50
2026-01-16,2312,金寶,20260115,33.30,386143.157,34.60,3.9039,30-50
2026-01-16,2485,兆赫,20260115,36.55,134147.784,38.10,4.2408,30-50
2026-01-16,3354,律勝,20260115,32.20,5766,32.80,1.8634,30-50
2026-01-16,3501,維熹,20260115,57.60,5187.25,59.00,2.4306,50-70
2026-01-16,3535,晶彩科,20260115,97.70,17974.991,100.00,2.3541,70-100
2026-01-16,3645,達邁,20260115,60.00,9412.563,60.00,0.0000,50-70
2026-01-16,3663,鑫科,20260115,68.40,13258,69.60,1.7544,50-70
2026-01-16,4533,協易機,20260115,27.60,14775,27.80,0.7246,<30
2026-01-16,4939,亞電,20260115,40.30,15089,40.60,0.7444,30-50
2026-01-16,4989,榮科,20260115,66.50,46403.247,68.00,2.2556,50-70
2026-01-16,5328,華容,20260115,25.85,46189,27.45,6.1896,<30
2026-01-16,5340,建榮,20260115,76.60,15833,84.20,9.9217,70-100
2026-01-16,5452,佶優,20260115,31.70,9753,34.85,9.9369,30-50
2026-01-16,5498,凱崴,20260115,66.50,6238,68.90,3.6090,50-70
2026-01-16,6134,萬旭,20260115,32.55,8924,33.55,3.0722,30-50
2026-01-16,6155,鈞寶,20260115,60.70,14590.616,61.00,0.4942,50-70
2026-01-16,8088,品安,20260115,60.50,17256,63.00,4.1322,50-70
2026-01-19,1528,恩德,20260116,28.35,12470.564,30.30,6.8783,30-50
2026-01-19,1721,三晃,20260116,20.60,19929.694,19.95,-3.1553,<30
2026-01-19,1802,台玻,20260116,41.80,195740.899,44.70,6.9378,30-50
2026-01-19,1809,中釉,20260116,22.75,9588.916,25.00,9.8901,<30
2026-01-19,2457,飛宏,20260116,32.25,21854.448,34.10,5.7364,30-50
2026-01-19,4533,協易機,20260116,30.35,15570,31.10,2.4712,30-50
2026-01-19,4973,廣穎,20260116,53.00,12860,56.70,6.9811,50-70
2026-01-19,5328,華容,20260116,28.40,28779,30.35,6.8662,30-50
2026-01-19,5340,建榮,20260116,84.20,13644,88.00,4.5131,70-100
2026-01-19,5452,佶優,20260116,34.85,5095,36.30,4.1607,30-50
2026-01-19,6770,力積電,20260116,56.40,110873.464,62.00,9.9291,50-70
2026-01-19,8088,品安,20260116,66.50,32948,73.10,9.9248,70-100
2026-01-19,8150,南茂,20260116,67.70,78350.42,71.10,5.0222,70-100
2026-01-20,1528,恩德,20260119,31.15,18977.122,33.30,6.9021,30-50
2026-01-20,1802,台玻,20260119,45.95,150633.458,46.90,2.0675,30-50
2026-01-20,2329,華泰,20260119,68.00,36379.103,66.00,-2.9412,50-70
2026-01-20,2331,精英,20260119,29.95,31221.614,29.55,-1.3356,<30
2026-01-20,2337,旺宏,20260119,73.70,46077.752,66.40,-9.9050,50-70
2026-01-20,2369,菱生,20260119,30.95,34066.44,30.95,0.0000,30-50
2026-01-20,2409,友達,20260119,17.25,470528.067,17.25,0.0000,<30
2026-01-20,2484,希華,20260119,29.05,5447.788,30.15,3.7866,30-50
2026-01-20,2489,瑞軒,20260119,18.00,17201.442,19.00,5.5556,<30
2026-01-20,2495,普安,20260119,33.75,18624.93,33.50,-0.7407,30-50
2026-01-20,3049,精金,20260119,8.38,13116.719,9.00,7.3986,<30
2026-01-20,4540,全球傳動,20260119,42.60,7055.217,42.80,0.4695,30-50
2026-01-20,5328,華容,20260119,31.20,16264,31.75,1.7628,30-50
2026-01-20,5340,建榮,20260119,92.60,21453,94.90,2.4838,70-100
2026-01-20,6116,彩晶,20260119,10.80,38406.607,10.50,-2.7778,<30
2026-01-20,6155,鈞寶,20260119,61.10,18507.749,58.70,-3.9280,50-70
2026-01-20,6217,中探針,20260119,58.00,29614,59.50,2.5862,50-70
2026-01-20,6275,元山,20260119,60.80,6668,61.60,1.3158,50-70
2026-01-20,6770,力積電,20260119,62.00,24159.52,58.50,-5.6452,50-70
2026-01-20,8088,品安,20260119,73.10,11699,66.30,-9.3023,50-70
2026-01-20,8110,華東,20260119,88.00,52923.755,83.00,-5.6818,70-100
2026-01-20,8131,福懋科,20260119,76.40,16085.194,73.90,-3.2723,70-100
2026-01-21,1802,台玻,20260120,50.50,420681.801,52.60,4.1584,50-70
2026-01-21,1809,中釉,20260120,27.50,16334.051,29.80,8.3636,<30
2026-01-21,2426,鼎元,20260120,20.15,9136.172,20.15,0.0000,<30
2026-01-21,2457,飛宏,20260120,33.65,50969.937,34.00,1.0401,30-50
2026-01-21,2481,強茂,20260120,97.60,61508.43,97.20,-0.4098,70-100
2026-01-21,3016,嘉晶,20260120,66.00,15245.936,68.20,3.3333,50-70
2026-01-21,3049,精金,20260120,9.21,25459.457,9.61,4.3431,<30
2026-01-21,3317,尼克森,20260120,54.70,7462,54.60,-0.1828,50-70
2026-01-21,3543,州巧,20260120,50.30,15580.225,50.50,0.3976,50-70
2026-01-21,4939,亞電,20260120,43.20,24283,45.00,4.1667,30-50
2026-01-21,5302,太欣,20260120,13.50,5111,13.90,2.9630,<30
2026-01-21,5381,合正,20260120,33.45,14600,34.50,3.1390,30-50
2026-01-21,6217,中探針,20260120,63.80,46254,63.30,-0.7837,50-70
2026-01-21,6282,康舒,20260120,63.80,153670.963,65.00,1.8809,50-70
2026-01-21,6443,元晶,20260120,40.80,130367.768,42.30,3.6765,30-50
2026-01-21,6548,長科*,20260120,55.30,28307,54.60,-1.2658,50-70
2026-01-21,6770,力積電,20260120,68.20,195267.35,67.00,-1.7595,50-70
2026-01-21,7780,大研生醫*,20260120,22.35,8682.281,24.55,9.8434,<30
2026-01-21,8074,鉅橡,20260120,65.50,7261,72.00,9.9237,70-100
2026-01-21,8249,菱光,20260120,58.90,7577.073,62.10,5.4329,50-70
2026-01-21,8933,愛地雅,20260120,8.00,8215,8.79,9.8750,<30
2026-01-22,2363,矽統,20260121,56.90,29990.007,59.30,4.2179,50-70
2026-01-22,2457,飛宏,20260121,37.00,71697.002,39.55,6.8919,30-50
2026-01-22,2489,瑞軒,20260121,21.05,34663.03,23.00,9.2637,<30
2026-01-22,3016,嘉晶,20260121,72.60,36059.396,75.20,3.5813,70-100
2026-01-22,3049,精金,20260121,10.10,25144.709,10.85,7.4257,<30
2026-01-22,3234,光環,20260121,51.10,5936,56.00,9.5890,50-70
2026-01-22,3704,合勤控,20260121,39.65,50333.615,39.70,0.1261,30-50
2026-01-22,4533,協易機,20260121,32.15,10569,31.70,-1.3997,30-50
2026-01-22,4540,全球傳動,20260121,49.85,15315.033,51.30,2.9087,50-70
2026-01-22,4934,太極,20260121,16.65,5079.473,17.55,5.4054,<30
2026-01-22,6126,信音,20260121,37.65,14253,39.50,4.9137,30-50
2026-01-22,7780,大研生醫*,20260121,24.55,9353.709,27.00,9.9796,<30
2026-01-23,1609,大亞,20260122,47.30,53761.266,49.60,4.8626,30-50
2026-01-23,2356,英業達,20260122,51.20,141656.409,54.50,6.4453,50-70
2026-01-23,2444,兆勁,20260122,15.00,5805.987,15.35,2.3333,<30
2026-01-23,2489,瑞軒,20260122,23.15,33014.829,23.10,-0.2160,<30
2026-01-23,3049,精金,20260122,11.10,19692.237,12.15,9.4595,<30
2026-01-23,3234,光環,20260122,56.20,6812,56.50,0.5338,50-70
2026-01-23,3543,州巧,20260122,51.30,9943.081,53.80,4.8733,50-70
2026-01-23,3624,光頡,20260122,67.60,7484,68.20,0.8876,50-70
2026-01-23,4533,協易機,20260122,35.35,48279,35.35,0.0000,30-50
2026-01-23,4939,亞電,20260122,51.30,14772,54.00,5.2632,50-70
2026-01-23,6142,友勁,20260122,10.95,5385.361,11.00,0.4566,<30
2026-01-23,6155,鈞寶,20260122,62.80,8295.71,64.00,1.9108,50-70
2026-01-23,6202,盛群,20260122,44.20,8349.436,45.00,1.8100,30-50
2026-01-23,6548,長科*,20260122,58.60,25670,61.50,4.9488,50-70
2026-01-23,7780,大研生醫*,20260122,27.00,94598.331,27.70,2.5926,<30
2026-01-26,2352,佳世達,20260123,28.20,12225.702,29.20,3.5461,<30
2026-01-26,2355,敬鵬,20260123,39.35,27495.194,40.00,1.6518,30-50
2026-01-26,2367,燿華,20260123,44.10,174326.753,45.75,3.7415,30-50
2026-01-26,2453,凌群,20260123,63.20,6453.239,64.50,2.0570,50-70
2026-01-26,2484,希華,20260123,30.65,15139.189,30.65,0.0000,30-50
2026-01-26,3162,精確,20260123,65.00,14306,65.90,1.3846,50-70
2026-01-26,3630,新鉅科,20260123,35.00,10879,37.30,6.5714,30-50
2026-01-26,6133,金橋,20260123,23.20,6935.396,23.95,3.2328,<30
2026-01-26,8131,福懋科,20260123,77.60,39934.155,78.30,0.9021,70-100
2026-01-27,1301,台塑,20260126,48.80,89416.465,51.20,4.9180,50-70
2026-01-27,1326,台化,20260126,38.95,44673.058,40.95,5.1348,30-50
2026-01-27,1444,力麗,20260126,6.82,5797.611,7.30,7.0381,<30
2026-01-27,1710,東聯,20260126,13.75,7908.225,14.00,1.8182,<30
2026-01-27,1809,中釉,20260126,27.75,5074.297,30.00,8.1081,30-50
2026-01-27,2337,旺宏,20260126,76.20,207650.733,76.90,0.9186,70-100
2026-01-27,2367,燿華,20260126,48.50,145737.573,51.60,6.3918,50-70
2026-01-27,2489,瑞軒,20260126,24.20,28686.398,24.10,-0.4132,<30
2026-01-27,2515,中工,20260126,14.50,22829.045,15.40,6.2069,<30
2026-01-27,3630,新鉅科,20260126,38.50,16051,39.70,3.1169,30-50
2026-01-27,3645,達邁,20260126,73.00,17331.28,74.80,2.4658,70-100
2026-01-27,3694,海華,20260126,67.10,5726.706,70.80,5.5142,70-100
2026-01-27,4934,太極,20260126,17.90,6181.341,18.55,3.6313,<30
2026-01-27,4949,有成精密,20260126,49.70,5532.721,51.90,4.4266,50-70
2026-01-27,6125,廣運,20260126,75.30,10552,76.10,1.0624,70-100
2026-01-27,6133,金橋,20260126,25.50,19741.993,28.00,9.8039,<30
2026-01-27,6134,萬旭,20260126,34.30,9631,34.80,1.4577,30-50
2026-01-27,6153,嘉聯益,20260126,18.55,5526.059,20.10,8.3558,<30
2026-01-27,6190,萬泰科,20260126,56.90,15401,59.10,3.8664,50-70
2026-01-27,6202,盛群,20260126,48.40,10004.484,48.40,0.0000,30-50
2026-01-27,6209,今國光,20260126,73.40,10031.823,76.00,3.5422,70-100
2026-01-27,6217,中探針,20260126,67.30,26832,68.70,2.0802,50-70
2026-01-27,6505,台塑化,20260126,52.20,20043.668,53.80,3.0651,50-70
2026-01-27,8096,擎亞,20260126,53.10,13896,56.00,5.4614,50-70
2026-01-27,8110,華東,20260126,83.00,60960.607,83.60,0.7229,70-100
2026-01-27,8131,福懋科,20260126,85.30,55077.275,85.30,0.0000,70-100
2026-01-28,1471,首利,20260127,14.65,15202.539,15.50,5.8020,<30
2026-01-28,2303,聯電,20260127,76.20,502571.086,79.60,4.4619,70-100
2026-01-28,2363,矽統,20260127,60.50,41256.824,62.00,2.4793,50-70
2026-01-28,2419,仲琦,20260127,34.15,12610.956,35.20,3.0747,30-50
2026-01-28,2431,聯昌,20260127,17.65,12333.306,17.65,0.0000,<30
2026-01-28,3234,光環,20260127,56.90,10235,58.80,3.3392,50-70
2026-01-28,4121,優盛,20260127,18.85,6459,19.40,2.9178,<30
2026-01-28,4989,榮科,20260127,63.00,18413.404,63.20,0.3175,50-70
2026-01-28,5498,凱崴,20260127,67.30,16189,68.70,2.0802,50-70
2026-01-28,6133,金橋,20260127,28.05,8672.858,29.70,5.8824,<30
2026-01-28,6168,宏齊,20260127,23.90,13329.829,24.50,2.5105,<30
2026-01-28,7777,能率亞洲,20260127,35.35,11169,38.00,7.4965,30-50
2026-01-28,8096,擎亞,20260127,58.40,17620,61.10,4.6233,50-70
2026-01-29,1717,長興,20260128,67.30,38524.361,70.10,4.1605,70-100
2026-01-29,1732,毛寶,20260128,33.40,5981.844,32.95,-1.3473,30-50
2026-01-29,2337,旺宏,20260128,83.80,208678.746,89.40,6.6826,70-100
2026-01-29,3149,正達,20260128,60.20,21806.404,61.20,1.6611,50-70
2026-01-29,3437,榮創,20260128,16.70,5005.755,17.20,2.9940,<30
2026-01-29,4919,新唐,20260128,66.30,8780.945,69.20,4.3741,50-70
2026-01-29,6202,盛群,20260128,52.90,7066.742,52.10,-1.5123,50-70
2026-01-29,6207,雷科,20260128,62.20,6156,62.90,1.1254,50-70
2026-01-29,6265,方土昶,20260128,48.80,22104,50.10,2.6639,50-70
2026-01-29,6770,力積電,20260128,65.40,361651.007,67.00,2.4465,50-70
2026-01-29,7777,能率亞洲,20260128,38.85,6788,40.35,3.8610,30-50
2026-01-29,8096,擎亞,20260128,64.20,50233,66.10,2.9595,50-70
2026-01-30,2014,中鴻,20260129,18.75,30315.889,19.80,5.6000,<30
2026-01-30,2337,旺宏,20260129,92.10,461137.901,93.90,1.9544,70-100
2026-02-02,3028,增你強,20260130,46.00,23439.449,48.70,5.8696,30-50
2026-02-02,3049,精金,20260130,9.28,11964.76,9.63,3.7716,<30
2026-02-02,5386,青雲,20260130,94.60,5972,99.50,5.1797,70-100
2026-02-02,6588,東典光電,20260130,67.50,9819,68.30,1.1852,50-70
2026-02-02,8096,擎亞,20260130,76.30,52621,76.70,0.5242,70-100
2026-02-03,3028,增你強,20260202,50.60,11050.14,55.60,9.8814,50-70
2026-02-03,3049,精金,20260202,10.20,17235.36,10.95,7.3529,<30
2026-02-03,5309,系統電,20260202,66.80,16821,68.90,3.1437,50-70
2026-02-04,1802,台玻,20260203,49.40,32387.719,51.50,4.2510,50-70
2026-02-04,1809,中釉,20260203,26.40,10481.06,25.75,-2.4621,<30
2026-02-04,1815,富喬,20260203,95.70,62867,96.90,1.2539,70-100
2026-02-04,2367,燿華,20260203,54.10,148900.814,55.20,2.0333,50-70
2026-02-04,2413,環科,20260203,44.55,7762.227,47.85,7.4074,30-50
2026-02-04,3028,增你強,20260203,55.60,6032.838,50.10,-9.8921,50-70
2026-02-04,3576,聯合再生,20260203,12.30,45057.645,13.25,7.7236,<30
2026-02-04,3686,達能,20260203,21.55,5361.026,20.80,-3.4803,<30
2026-02-04,5498,凱崴,20260203,62.10,6812,64.70,4.1868,50-70
2026-02-04,6217,中探針,20260203,64.70,17390,63.10,-2.4730,50-70
2026-02-04,6244,茂迪,20260203,24.50,47552,25.40,3.6735,<30
2026-02-05,1711,永光,20260204,23.90,63714.694,23.50,-1.6736,<30
2026-02-05,2349,錸德,20260204,14.50,8894.572,14.15,-2.4138,<30
2026-02-05,2355,敬鵬,20260204,43.75,59271.756,44.15,0.9143,30-50
2026-02-05,2367,燿華,20260204,59.50,129291.058,60.80,2.1849,50-70
2026-02-05,2409,友達,20260204,15.15,192059.385,15.95,5.2805,<30
2026-02-05,2485,兆赫,20260204,45.25,85641.015,46.35,2.4309,30-50
2026-02-05,3481,群創,20260204,23.00,458130.335,23.25,1.0870,<30
2026-02-05,3576,聯合再生,20260204,13.50,31812.987,14.75,9.2593,<30
2026-02-05,4960,誠美材,20260204,14.55,7847.958,16.00,9.9656,<30
2026-02-05,6152,百一,20260204,14.50,7064.699,15.95,10.0000,<30
2026-02-05,6244,茂迪,20260204,26.95,36367,27.90,3.5250,<30
2026-02-05,6412,群電,20260204,92.50,9724.281,91.70,-0.8649,70-100
2026-02-05,6770,力積電,20260204,65.60,223557.376,63.00,-3.9634,50-70
2026-02-06,1528,恩德,20260205,29.45,13698.968,30.45,3.3956,30-50
2026-02-06,2406,國碩,20260205,32.65,73619.247,33.35,2.1440,30-50
2026-02-06,3234,光環,20260205,66.60,11733,65.80,-1.2012,50-70
2026-02-06,3508,位速,20260205,35.30,5176,37.05,4.9575,30-50
2026-02-06,3576,聯合再生,20260205,14.85,59470.341,15.55,4.7138,<30
2026-02-06,4949,有成精密,20260205,51.50,5186.78,50.50,-1.9417,50-70
2026-02-06,6152,百一,20260205,15.95,6983.427,17.25,8.1505,<30
2026-02-06,6244,茂迪,20260205,29.60,74057,29.00,-2.0270,<30
2026-02-09,3550,聯穎,20260206,18.75,14598.921,20.20,7.7333,<30
2026-02-09,3615,安可,20260206,29.35,14055,31.40,6.9847,30-50
2026-02-10,1326,台化,20260209,42.95,44433.647,44.15,2.7939,30-50
2026-02-10,2337,旺宏,20260209,88.80,124974.018,91.50,3.0405,70-100
2026-02-10,3149,正達,20260209,53.70,8987.746,53.70,0.0000,50-70
2026-02-10,3550,聯穎,20260209,20.60,21912.748,21.80,5.8252,<30
2026-02-10,5351,鈺創,20260209,57.50,5328,58.50,1.7391,50-70
2026-02-10,6217,中探針,20260209,62.20,8112,62.20,0.0000,50-70
2026-02-11,2363,矽統,20260210,54.40,18547.797,54.40,0.0000,50-70
2026-02-11,2413,環科,20260210,43.65,5285.139,43.50,-0.3436,30-50
2026-02-11,3028,增你強,20260210,46.20,14782.018,46.20,0.0000,30-50
2026-02-11,6202,盛群,20260210,53.70,16860.472,55.40,3.1657,50-70
2026-02-23,1802,台玻,20260211,47.05,93106.758,49.15,4.4633,30-50
2026-02-23,1815,富喬,20260211,96.60,79156,100.00,3.5197,70-100
2026-02-23,4989,榮科,20260211,50.20,8191.121,55.00,9.5618,50-70
2026-02-24,1711,永光,20260223,25.30,29601.931,26.00,2.7668,<30
2026-02-24,1727,中華化,20260223,46.35,6258.978,45.80,-1.1866,30-50
2026-02-24,1802,台玻,20260223,51.70,136033.257,54.60,5.6093,50-70
2026-02-24,2103,台橡,20260223,17.85,8181.687,19.60,9.8039,<30
2026-02-24,2104,國際中橡,20260223,12.35,9703.841,12.90,4.4534,<30
2026-02-24,2413,環科,20260223,45.65,6434.571,48.30,5.8050,30-50
2026-02-24,2489,瑞軒,20260223,29.80,15518.346,32.75,9.8993,30-50
2026-02-24,2515,中工,20260223,17.35,64923.799,18.00,3.7464,<30
2026-02-24,3576,聯合再生,20260223,16.65,47087.619,17.45,4.8048,<30
2026-02-24,4526,東台,20260223,35.80,6557.355,35.80,0.0000,30-50
2026-02-24,4919,新唐,20260223,66.30,16298.621,68.20,2.8658,50-70
2026-02-24,4927,泰鼎-KY,20260223,36.60,13105.089,38.00,3.8251,30-50
2026-02-24,5521,工信,20260223,22.55,6926.555,24.05,6.6519,<30
2026-02-24,6202,盛群,20260223,62.10,22965.565,61.00,-1.7713,50-70
2026-02-24,6217,中探針,20260223,70.50,20294,72.10,2.2695,70-100
2026-02-24,6244,茂迪,20260223,28.05,39495,29.00,3.3868,<30
2026-02-25,1711,永光,20260224,27.80,60648.643,29.05,4.4964,<30
2026-02-25,1802,台玻,20260224,56.80,243535.585,59.40,4.5775,50-70
2026-02-25,2103,台橡,20260224,19.60,11160.606,21.55,9.9490,<30
2026-02-25,2104,國際中橡,20260224,13.55,17615.318,14.00,3.3210,<30
2026-02-25,2367,燿華,20260224,61.20,103651.485,63.70,4.0850,50-70
2026-02-25,2413,環科,20260224,50.20,11658.853,54.70,8.9641,50-70
2026-02-25,2489,瑞軒,20260224,32.75,9685.038,36.00,9.9237,30-50
2026-02-25,3576,聯合再生,20260224,18.30,40959.761,20.00,9.2896,<30
2026-02-25,3701,大眾控,20260224,57.00,9337.114,59.80,4.9123,50-70
2026-02-25,4919,新唐,20260224,72.90,13065.389,76.40,4.8011,70-100
2026-02-25,4927,泰鼎-KY,20260224,40.25,25270.281,43.30,7.5776,30-50
2026-02-25,4989,榮科,20260224,60.70,19310.73,62.00,2.1417,50-70
2026-02-25,5328,華容,20260224,29.45,29534,29.60,0.5093,<30
2026-02-25,6127,九豪,20260224,38.70,13210,39.90,3.1008,30-50
2026-02-25,6217,中探針,20260224,77.50,10205,85.20,9.9355,70-100
2026-02-25,6244,茂迪,20260224,30.85,20702,32.20,4.3760,30-50
2026-02-25,6770,力積電,20260224,73.70,337047.858,74.70,1.3569,70-100
2026-02-26,1301,台塑,20260225,53.40,106167.338,53.00,-0.7491,50-70
2026-02-26,1326,台化,20260225,49.20,85759.716,49.20,0.0000,30-50
2026-02-26,2387,精元,20260225,43.30,5720.809,43.95,1.5012,30-50
2026-02-26,2413,環科,20260225,55.20,5167.975,57.70,4.5290,50-70
2026-02-26,2489,瑞軒,20260225,36.00,15019.039,38.50,6.9444,30-50
2026-02-26,3028,增你強,20260225,54.80,18037.866,56.20,2.5547,50-70
2026-02-26,3543,州巧,20260225,55.10,10834.859,55.20,0.1815,50-70
2026-02-26,3576,聯合再生,20260225,20.10,37346.21,21.55,7.2139,<30
2026-02-26,3709,鑫聯大投控,20260225,69.40,9354,72.10,3.8905,70-100
2026-02-26,4927,泰鼎-KY,20260225,44.25,33188.478,44.50,0.5650,30-50
2026-02-26,5291,邑昇,20260225,48.60,7014,53.40,9.8765,50-70
2026-02-26,5864,致和證,20260225,26.60,13798,26.80,0.7519,<30
2026-02-26,8150,南茂,20260225,65.00,80442.601,65.00,0.0000,50-70
2026-03-02,1471,首利,20260226,13.60,6164.904,13.35,-1.8382,<30
2026-03-02,1717,長興,20260226,69.00,113227.544,67.20,-2.6087,50-70
2026-03-02,2338,光罩,20260226,49.20,7171.194,50.20,2.0325,50-70
2026-03-02,2367,燿華,20260226,64.50,151157.271,61.00,-5.4264,50-70
2026-03-02,2406,國碩,20260226,33.05,62313.076,32.80,-0.7564,30-50
2026-03-02,2489,瑞軒,20260226,39.60,57331.628,41.05,3.6616,30-50
2026-03-02,3049,精金,20260226,10.40,16556.86,10.30,-0.9615,<30
2026-03-02,3576,聯合再生,20260226,22.10,156546.917,21.50,-2.7149,<30
2026-03-02,3707,漢磊,20260226,61.20,9307,57.50,-6.0458,50-70
2026-03-02,6443,元晶,20260226,45.10,105731.328,44.80,-0.6652,30-50
2026-03-02,6456,GIS-KY,20260226,47.75,15634.177,46.10,-3.4555,30-50
2026-03-02,8039,台虹,20260226,97.00,22401.804,95.50,-1.5464,70-100
2026-03-02,8150,南茂,20260226,71.50,121062.839,69.50,-2.7972,50-70
2026-03-02,8438,昶昕,20260226,69.40,7421.34,68.50,-1.2968,50-70
2026-03-03,1802,台玻,20260302,67.20,244135.741,68.00,1.1905,50-70
2026-03-03,2338,光罩,20260302,54.10,15269.185,58.20,7.5786,50-70
2026-03-03,2367,燿華,20260302,70.90,193395.172,74.00,4.3724,70-100
2026-03-03,2406,國碩,20260302,36.35,73886.535,38.55,6.0523,30-50
2026-03-03,2485,兆赫,20260302,49.50,50820.498,53.10,7.2727,50-70
2026-03-03,2489,瑞軒,20260302,43.55,24782.182,47.90,9.9885,30-50
2026-03-03,2543,皇昌,20260302,67.50,8096.176,70.30,4.1481,70-100
2026-03-03,2605,新興,20260302,37.10,13861.127,39.05,5.2561,30-50
2026-03-03,3049,精金,20260302,11.40,24789.305,12.50,9.6491,<30
2026-03-03,3380,明泰,20260302,34.35,10157.065,35.50,3.3479,30-50
2026-03-03,3576,聯合再生,20260302,24.30,71713.761,26.60,9.4650,<30
2026-03-03,3615,安可,20260302,32.35,7104,35.00,8.1917,30-50
2026-03-03,3701,大眾控,20260302,64.70,17069.42,71.10,9.8918,70-100
2026-03-03,4909,新復興,20260302,69.80,16620,70.00,0.2865,70-100
2026-03-03,4919,新唐,20260302,79.90,17518.578,83.50,4.5056,70-100
2026-03-03,4934,太極,20260302,20.75,6768.029,22.40,7.9518,<30
2026-03-03,4989,榮科,20260302,70.60,36875.868,71.90,1.8414,70-100
2026-03-03,5291,邑昇,20260302,58.70,5187,60.00,2.2147,50-70
2026-03-03,5452,佶優,20260302,34.75,6878,35.15,1.1511,30-50
2026-03-03,6152,百一,20260302,20.05,14820.52,21.55,7.4813,<30
2026-03-03,6244,茂迪,20260302,36.30,66321,38.20,5.2342,30-50
2026-03-03,6443,元晶,20260302,49.60,185079.153,53.00,6.8548,50-70
2026-03-03,6456,GIS-KY,20260302,52.50,9001.269,56.50,7.6190,50-70
2026-03-03,6477,安集,20260302,40.70,7752.244,41.35,1.5971,30-50
2026-03-03,8289,泰藝,20260302,38.75,5540,41.30,6.5806,30-50
2026-03-04,1310,台苯,20260303,9.98,12669.521,10.70,7.2144,<30
2026-03-04,1313,聯成,20260303,12.55,37238.224,12.85,2.3904,<30
2026-03-04,2485,兆赫,20260303,54.40,97405.114,54.00,-0.7353,50-70
2026-03-04,2601,益航,20260303,5.98,9330.638,6.57,9.8662,<30
2026-03-04,2609,陽明,20260303,66.00,176100.716,68.90,4.3939,50-70
2026-03-04,2613,中櫃,20260303,27.75,6616.985,29.45,6.1261,<30
2026-03-04,3049,精金,20260303,12.50,23060.709,13.35,6.8000,<30
2026-03-04,3498,陽程,20260303,60.50,6425,62.00,2.4793,50-70
2026-03-04,3576,聯合再生,20260303,26.70,69977.916,26.05,-2.4345,<30
2026-03-04,3615,安可,20260303,35.55,10048,35.50,-0.1406,30-50
2026-03-04,3701,大眾控,20260303,71.10,10982.572,70.10,-1.4065,70-100
2026-03-04,4533,協易機,20260303,35.20,13205,36.30,3.1250,30-50
2026-03-04,6152,百一,20260303,22.05,9144.634,22.10,0.2268,<30
2026-03-04,6456,GIS-KY,20260303,57.70,15799.971,56.40,-2.2530,50-70
2026-03-04,6530,創威,20260303,83.10,12140,82.50,-0.7220,70-100
2026-03-04,6546,正基,20260303,90.00,5105,88.00,-2.2222,70-100
2026-03-05,2601,益航,20260304,6.57,10366.641,7.22,9.8935,<30
2026-03-05,4123,晟德,20260304,49.35,39338,49.80,0.9119,30-50
2026-03-06,1785,光洋科,20260305,62.70,16303,63.70,1.5949,50-70
2026-03-06,2426,鼎元,20260305,20.75,6502.817,21.55,3.8554,<30
2026-03-06,3049,精金,20260305,13.50,49684.106,13.75,1.8519,<30
2026-03-06,3380,明泰,20260305,35.40,10961.429,35.70,0.8475,30-50
2026-03-06,5328,華容,20260305,27.40,7634,27.40,0.0000,<30
2026-03-06,5351,鈺創,20260305,53.90,7711,53.80,-0.1855,50-70
2026-03-06,6443,元晶,20260305,50.00,121442.807,49.90,-0.2000,30-50
2026-03-06,8131,福懋科,20260305,66.70,8096.054,66.20,-0.7496,50-70
2026-03-09,1304,台聚,20260306,13.10,23980.167,14.40,9.9237,<30
2026-03-09,1305,華夏,20260306,13.25,14481.007,14.55,9.8113,<30
2026-03-09,1308,亞聚,20260306,15.00,13471.084,16.50,10.0000,<30
2026-03-09,1309,台達化,20260306,13.95,11050.554,15.30,9.6774,<30
2026-03-09,1310,台苯,20260306,10.65,10424.095,11.70,9.8592,<30
2026-03-09,1312,國喬,20260306,14.05,29362.24,15.35,9.2527,<30
2026-03-09,1313,聯成,20260306,13.50,44374.083,14.60,8.1481,<30
2026-03-09,1314,中石化,20260306,8.92,134119.859,9.81,9.9776,<30
2026-03-09,1529,樂事綠能,20260306,27.05,5572.523,27.05,0.0000,<30
2026-03-09,1582,信錦,20260306,90.50,15779.298,82.00,-9.3923,70-100
2026-03-09,2103,台橡,20260306,21.00,15792.261,21.60,2.8571,<30
2026-03-09,2426,鼎元,20260306,22.80,9266.319,22.00,-3.5088,<30
2026-03-09,2485,兆赫,20260306,56.20,111767.573,52.60,-6.4057,50-70
2026-03-09,2543,皇昌,20260306,78.40,28761.985,71.40,-8.9286,70-100
2026-03-09,3645,達邁,20260306,69.00,10699.743,64.00,-7.2464,50-70
2026-03-09,4919,新唐,20260306,80.30,15031.462,72.60,-9.5890,70-100
2026-03-09,4960,誠美材,20260306,17.80,39040.758,16.80,-5.6180,<30
2026-03-09,6456,GIS-KY,20260306,62.70,20092.02,56.50,-9.8884,50-70
2026-03-09,6505,台塑化,20260306,62.00,67902.923,68.20,10.0000,50-70
2026-03-10,1309,台達化,20260309,15.30,26060.273,13.80,-9.8039,<30
2026-03-10,1314,中石化,20260309,9.81,134705.758,8.83,-9.9898,<30
2026-03-10,2426,鼎元,20260309,25.05,40257.263,25.15,0.3992,<30
2026-03-10,2616,山隆,20260309,23.90,6441.626,23.70,-0.8368,<30
2026-03-10,3709,鑫聯大投控,20260309,77.50,7999,85.20,9.9355,70-100
2026-03-10,4973,廣穎,20260309,46.05,6691,49.45,7.3833,30-50
2026-03-10,6505,台塑化,20260309,68.20,59579.389,61.40,-9.9707,50-70
2026-03-11,1589,永冠-KY,20260310,7.31,9205.657,6.58,-9.9863,<30
2026-03-11,3645,達邁,20260310,75.50,29478.095,79.50,5.2980,70-100
2026-03-11,6153,嘉聯益,20260310,15.85,6512.194,16.00,0.9464,<30
2026-03-11,8096,擎亞,20260310,70.90,23628,71.70,1.1283,70-100
2026-03-12,1802,台玻,20260311,57.20,12798.705,56.40,-1.3986,50-70
2026-03-12,2305,全友,20260311,14.60,5586.026,14.75,1.0274,<30
2026-03-12,2329,華泰,20260311,54.70,12445.182,53.90,-1.4625,50-70
2026-03-12,2399,映泰,20260311,24.35,7692.535,23.90,-1.8480,<30
2026-03-12,2426,鼎元,20260311,28.10,13035.503,30.00,6.7616,30-50
2026-03-12,2481,強茂,20260311,91.80,17795.008,91.80,0.0000,70-100
2026-03-12,2485,兆赫,20260311,55.30,81000.157,57.50,3.9783,50-70
2026-03-12,3481,群創,20260311,30.30,1134573.679,31.00,2.3102,30-50
2026-03-12,3576,聯合再生,20260311,21.75,19187.979,23.00,5.7471,<30
2026-03-12,3701,大眾控,20260311,59.10,9504.529,57.80,-2.1997,50-70
2026-03-12,4949,有成精密,20260311,56.60,7773.453,59.90,5.8304,50-70
2026-03-12,4960,誠美材,20260311,19.25,34165,20.75,7.7922,<30
2026-03-12,4989,榮科,20260311,70.70,36656.528,70.90,0.2829,70-100
2026-03-12,5452,佶優,20260311,34.30,5697,34.20,-0.2915,30-50
2026-03-12,6190,萬泰科,20260311,51.20,6545,51.20,0.0000,50-70
2026-03-12,6443,元晶,20260311,52.30,147006.346,53.20,1.7208,50-70
2026-03-12,6456,GIS-KY,20260311,63.20,8756.879,63.00,-0.3165,50-70
2026-03-12,8112,至上,20260311,85.40,67145.411,86.40,1.1710,70-100
2026-03-13,1305,華夏,20260312,14.00,19099.009,14.50,3.5714,<30
2026-03-13,1309,台達化,20260312,15.10,13535.679,16.15,6.9536,<30
2026-03-13,1432,大魯閣,20260312,19.00,6497.07,19.00,0.0000,<30
2026-03-13,1727,中華化,20260312,55.30,14683.106,55.00,-0.5425,50-70
2026-03-13,2426,鼎元,20260312,30.90,13888.131,32.95,6.6343,30-50
2026-03-13,2468,華經,20260312,39.30,7747.769,38.45,-2.1628,30-50
2026-03-13,2485,兆赫,20260312,60.80,70654.877,62.60,2.9605,50-70
2026-03-13,3093,港建*,20260312,36.90,6490,39.00,5.6911,30-50
2026-03-13,3339,泰谷,20260312,31.35,5637,31.85,1.5949,30-50
2026-03-13,3437,榮創,20260312,17.65,8577.087,19.00,7.6487,<30
2026-03-13,3498,陽程,20260312,73.50,9936,73.50,0.0000,70-100
2026-03-13,3508,位速,20260312,39.70,5269,39.20,-1.2594,30-50
2026-03-13,3615,安可,20260312,35.10,6964,35.95,2.4217,30-50
2026-03-13,3663,鑫科,20260312,72.60,13972,73.90,1.7906,70-100
2026-03-13,3714,富采,20260312,43.65,21369.493,44.50,1.9473,30-50
2026-03-13,4938,和碩,20260312,77.10,36522.383,76.80,-0.3891,70-100
2026-03-13,4949,有成精密,20260312,62.20,7689.638,62.30,0.1608,50-70
2026-03-13,4956,光鋐,20260312,28.40,9169.253,29.10,2.4648,<30
2026-03-13,4960,誠美材,20260312,21.15,18419.704,22.60,6.8558,<30
2026-03-13,4973,廣穎,20260312,61.10,20364,60.00,-1.8003,50-70
2026-03-13,6147,頎邦,20260312,61.00,23946,60.40,-0.9836,50-70
2026-03-13,6265,方土昶,20260312,41.50,22176,40.45,-2.5301,30-50
2026-03-16,1711,永光,20260313,32.30,76690.964,35.40,9.5975,30-50
2026-03-16,1721,三晃,20260313,18.95,5044.969,20.45,7.9156,<30
2026-03-16,1727,中華化,20260313,60.80,23335.254,63.60,4.6053,50-70
2026-03-16,2489,瑞軒,20260313,41.35,8743.411,42.85,3.6276,30-50
2026-03-16,3437,榮創,20260313,19.40,5666.495,21.30,9.7938,<30
2026-03-16,3701,大眾控,20260313,62.70,11738.368,64.90,3.5088,50-70
2026-03-16,4743,合一,20260313,57.30,6875,57.50,0.3490,50-70
2026-03-16,4949,有成精密,20260313,68.40,8572.622,71.00,3.8012,70-100
2026-03-16,4956,光鋐,20260313,31.20,23444.796,33.35,6.8910,30-50
2026-03-16,4960,誠美材,20260313,23.25,19728.385,25.55,9.8925,<30
2026-03-16,4973,廣穎,20260313,67.20,20820,71.90,6.9940,70-100
2026-03-16,6167,久正,20260313,13.20,5228,14.30,8.3333,<30
2026-03-16,8215,明基材,20260313,22.55,6247.398,23.90,5.9867,<30
2026-03-17,1708,東鹼,20260316,43.20,17038.069,44.00,1.8519,30-50
2026-03-17,1711,永光,20260316,35.50,39238.888,37.10,4.5070,30-50
2026-03-17,1721,三晃,20260316,20.80,6860.361,21.40,2.8846,<30
2026-03-17,2347,聯強,20260316,77.20,18276.653,76.90,-0.3886,70-100
2026-03-17,2413,環科,20260316,50.80,5484.395,54.50,7.2835,50-70
2026-03-17,2485,兆赫,20260316,68.20,146216.565,71.50,4.8387,70-100
2026-03-17,2605,新興,20260316,38.20,56548.428,38.55,0.9162,30-50
2026-03-17,3550,聯穎,20260316,20.15,7109.343,21.80,8.1886,<30
2026-03-17,3702,大聯大,20260316,81.90,27316.078,82.80,1.0989,70-100
2026-03-17,3714,富采,20260316,47.00,23463.223,49.95,6.2766,30-50
2026-03-17,4906,正文,20260316,28.75,10771.729,31.55,9.7391,30-50
2026-03-17,4960,誠美材,20260316,25.55,6721.064,27.10,6.0665,<30
2026-03-17,4973,廣穎,20260316,73.90,19721,80.70,9.2016,70-100
2026-03-17,5351,鈺創,20260316,70.10,48005,73.80,5.2782,70-100
2026-03-17,6167,久正,20260316,14.50,5111,15.00,3.4483,<30
2026-03-17,6265,方土昶,20260316,44.10,17494,47.20,7.0295,30-50
2026-03-17,8064,東捷,20260316,61.80,10010,61.60,-0.3236,50-70
2026-03-17,8096,擎亞,20260316,83.20,27557,87.20,4.8077,70-100
2026-03-18,1711,永光,20260317,39.05,72233.711,42.40,8.5787,30-50
2026-03-18,1785,光洋科,20260317,90.60,12192,99.60,9.9338,70-100
2026-03-18,2406,國碩,20260317,38.25,69418.229,38.95,1.8301,30-50
2026-03-18,2413,環科,20260317,55.80,5312.46,60.80,8.9606,50-70
2026-03-18,2485,兆赫,20260317,75.00,80602.092,79.70,6.2667,70-100
2026-03-18,3028,增你強,20260317,56.60,7510.94,57.60,1.7668,50-70
2026-03-18,3049,精金,20260317,13.60,18268.262,14.55,6.9853,<30
2026-03-18,3508,位速,20260317,43.30,6376,46.90,8.3141,30-50
2026-03-18,3702,大聯大,20260317,90.00,38712.882,91.80,2.0000,70-100
2026-03-18,4906,正文,20260317,31.60,19978.483,33.20,5.0633,30-50
2026-03-18,4927,泰鼎-KY,20260317,49.55,17801.575,53.50,7.9717,50-70
2026-03-18,5351,鈺創,20260317,77.10,65242,83.30,8.0415,70-100
2026-03-18,6127,九豪,20260317,40.00,9559,43.25,8.1250,30-50
2026-03-18,6133,金橋,20260317,26.05,5073.733,27.25,4.6065,<30
2026-03-18,6147,頎邦,20260317,65.40,37719,69.80,6.7278,50-70
2026-03-18,6167,久正,20260317,15.95,6153,17.00,6.5831,<30
2026-03-18,6282,康舒,20260317,50.30,26185.018,55.00,9.3439,50-70
2026-03-18,6509,聚和,20260317,45.75,19725,44.65,-2.4044,30-50
2026-03-18,6550,北極星藥業-KY,20260317,23.85,10805.115,23.00,-3.5639,<30
2026-03-18,6770,力積電,20260317,71.70,393355.372,76.00,5.9972,70-100
2026-03-18,8110,華東,20260317,60.90,19773.369,64.30,5.5829,50-70
2026-03-18,8215,明基材,20260317,24.40,5278.3,25.30,3.6885,<30
2026-03-18,8240,華宏,20260317,54.20,6143,58.10,7.1956,50-70
2026-03-19,1785,光洋科,20260318,99.60,17552,96.60,-3.0120,70-100
2026-03-19,1809,中釉,20260318,29.55,25879.869,32.50,9.9831,30-50
2026-03-19,2338,光罩,20260318,56.10,8569.057,55.50,-1.0695,50-70
2026-03-19,2399,映泰,20260318,30.80,8970.645,31.35,1.7857,30-50
2026-03-19,2436,偉詮電,20260318,69.30,14092.017,68.40,-1.2987,50-70
2026-03-19,2495,普安,20260318,35.95,25692.653,35.95,0.0000,30-50
2026-03-19,3049,精金,20260318,14.95,51422.418,14.95,0.0000,<30
2026-03-19,3060,銘異,20260318,31.55,10360.776,30.60,-3.0111,30-50
2026-03-19,4919,新唐,20260318,90.40,19919.34,93.70,3.6504,70-100
2026-03-19,4989,榮科,20260318,75.50,47059.272,76.00,0.6623,70-100
2026-03-19,5351,鈺創,20260318,84.80,115549,82.50,-2.7123,70-100
2026-03-19,5498,凱崴,20260318,67.20,27293,67.20,0.0000,50-70
2026-03-19,6147,頎邦,20260318,71.90,67131,71.70,-0.2782,70-100
2026-03-19,6179,亞通,20260318,28.80,16388,28.50,-1.0417,<30
2026-03-19,6182,合晶,20260318,36.90,30508,36.35,-1.4905,30-50
2026-03-19,6209,今國光,20260318,57.70,6593.283,57.20,-0.8666,50-70
2026-03-19,6776,展碁國際,20260318,69.80,6230.312,72.20,3.4384,70-100
2026-03-19,8096,擎亞,20260318,89.10,38298,88.60,-0.5612,70-100
2026-03-20,1304,台聚,20260319,14.15,32280.798,15.20,7.4205,<30
2026-03-20,1305,華夏,20260319,15.45,25023.743,16.90,9.3851,<30
2026-03-20,1308,亞聚,20260319,16.05,15625.626,16.70,4.0498,<30
2026-03-20,1309,台達化,20260319,17.15,16373.556,18.85,9.9125,<30
2026-03-20,1449,佳和,20260319,13.05,8198.476,13.95,6.8966,<30
2026-03-20,1710,東聯,20260319,14.85,23951.66,15.85,6.7340,<30
2026-03-20,1711,永光,20260319,43.25,77790.325,44.45,2.7746,30-50
2026-03-20,1809,中釉,20260319,32.50,7817.833,35.75,10.0000,30-50
2026-03-20,2349,錸德,20260319,14.40,9451.826,15.80,9.7222,<30
2026-03-20,2399,映泰,20260319,33.85,39614.933,37.20,9.8966,30-50
2026-03-20,2489,瑞軒,20260319,42.90,23086.4,47.15,9.9068,30-50
2026-03-20,2495,普安,20260319,39.50,39802.61,41.60,5.3165,30-50
2026-03-20,3049,精金,20260319,16.40,44219.198,18.00,9.7561,<30
2026-03-20,3234,光環,20260319,93.50,6608,99.60,6.5241,70-100
2026-03-20,3437,榮創,20260319,24.75,5486.924,26.20,5.8586,<30
2026-03-20,3508,位速,20260319,52.30,7245,54.00,3.2505,50-70
2026-03-20,3591,艾笛森,20260319,22.00,12818.921,22.50,2.2727,<30
2026-03-20,4956,光鋐,20260319,34.90,16086.281,36.65,5.0143,30-50
2026-03-20,4973,廣穎,20260319,98.20,7476,98.20,0.0000,70-100
2026-03-20,6127,九豪,20260319,44.40,23475,46.85,5.5180,30-50
2026-03-20,6226,光鼎,20260319,14.65,19014.527,14.90,1.7065,<30
2026-03-23,2014,中鴻,20260320,19.60,24831.023,20.00,2.0408,<30
2026-03-23,2323,中環,20260320,13.10,35236.236,13.00,-0.7634,<30
2026-03-23,2349,錸德,20260320,15.80,20069.681,15.80,0.0000,<30
2026-03-23,2369,菱生,20260320,35.75,104183.985,35.80,0.1399,30-50
2026-03-23,2388,威盛,20260320,55.30,9330.172,54.40,-1.6275,50-70
2026-03-23,2399,映泰,20260320,37.20,52430.514,35.30,-5.1075,30-50
2026-03-23,3049,精金,20260320,18.00,46850.599,16.50,-8.3333,<30
2026-03-23,3221,台嘉碩,20260320,36.75,5610,36.40,-0.9524,30-50
2026-03-23,6163,華電網,20260320,62.90,13552,61.00,-3.0207,50-70
2026-03-23,6530,創威,20260320,88.70,8748,89.80,1.2401,70-100
2026-03-23,8215,明基材,20260320,26.85,8911.962,26.55,-1.1173,<30
2026-03-24,1304,台聚,20260323,16.55,59483.647,16.55,0.0000,<30
2026-03-24,1305,華夏,20260323,18.45,21417.417,16.75,-9.2141,<30
2026-03-24,1308,亞聚,20260323,18.15,34177.238,17.00,-6.3361,<30
2026-03-24,1309,台達化,20260323,19.90,10004.285,19.50,-2.0101,<30
2026-03-24,4903,聯光通,20260323,50.00,28454,51.50,3.0000,50-70
2026-03-24,5291,邑昇,20260323,68.50,6294,75.00,9.4891,70-100
2026-03-24,6530,創威,20260323,97.50,18470,100.00,2.5641,70-100
2026-03-24,6547,高端疫苗,20260323,54.50,15633,59.90,9.9083,50-70
2026-03-24,8064,東捷,20260323,70.80,16453,77.20,9.0395,70-100
2026-03-25,2405,輔信,20260324,16.85,16818.81,16.85,0.0000,<30
2026-03-25,2484,希華,20260324,29.40,5087.914,29.80,1.3605,<30
2026-03-25,3221,台嘉碩,20260324,36.95,16544,39.90,7.9838,30-50
2026-03-25,6168,宏齊,20260324,26.00,23300.135,26.50,1.9231,<30
2026-03-26,2367,燿華,20260325,75.10,111876.694,78.00,3.8615,70-100
2026-03-26,3062,建漢,20260325,25.65,6578.164,27.00,5.2632,<30
2026-03-26,3339,泰谷,20260325,40.95,6048,40.95,0.0000,30-50
2026-03-26,3498,陽程,20260325,78.90,5590,79.20,0.3802,70-100
2026-03-26,3576,聯合再生,20260325,22.75,25267.284,25.00,9.8901,<30
2026-03-26,4906,正文,20260325,33.30,25117.43,36.60,9.9099,30-50
2026-03-26,6163,華電網,20260325,65.40,15150,66.80,2.1407,50-70
2026-03-27,1304,台聚,20260326,15.85,25013.325,17.00,7.2555,<30
2026-03-27,1308,亞聚,20260326,18.05,21974.233,19.20,6.3712,<30
2026-03-27,1309,台達化,20260326,20.15,11922.223,21.80,8.1886,<30
2026-03-27,1582,信錦,20260326,93.00,8600.863,94.30,1.3978,70-100
2026-03-27,1905,華紙,20260326,14.00,17861.888,14.65,4.6429,<30
2026-03-27,2305,全友,20260326,16.15,5623.874,16.30,0.9288,<30
2026-03-27,2355,敬鵬,20260326,49.40,30011.444,49.15,-0.5061,30-50
2026-03-27,2419,仲琦,20260326,33.25,20348.205,33.20,-0.1504,30-50
2026-03-27,3576,聯合再生,20260326,25.00,40045.391,23.30,-6.8000,<30
2026-03-27,4906,正文,20260326,36.60,16098.854,37.00,1.0929,30-50
2026-03-27,6147,頎邦,20260326,77.80,54110,77.00,-1.0283,70-100
2026-03-27,6962,奕力-KY,20260326,33.90,6071.344,33.50,-1.1799,30-50
2026-03-30,1309,台達化,20260327,22.15,15569.893,24.35,9.9323,<30
2026-03-30,1528,恩德,20260327,25.45,32503.62,25.00,-1.7682,<30
2026-03-30,1785,光洋科,20260327,96.40,49526,96.80,0.4149,70-100
2026-03-30,1905,華紙,20260327,15.40,63599.467,16.00,3.8961,<30
2026-03-30,2484,希華,20260327,30.90,14208.542,30.80,-0.3236,30-50
2026-03-30,2489,瑞軒,20260327,35.05,58295.002,35.05,0.0000,30-50
2026-03-30,3062,建漢,20260327,27.95,24949.09,28.55,2.1467,<30
2026-03-30,3221,台嘉碩,20260327,36.05,17737,35.85,-0.5548,30-50
2026-03-30,4919,新唐,20260327,102.50,28648.372,100.00,-2.4390,70-100
2026-03-30,4949,有成精密,20260327,70.40,5637.872,69.80,-0.8523,50-70
2026-03-30,6821,聯寶,20260327,55.90,5913,56.50,1.0733,50-70
2026-03-31,1304,台聚,20260330,17.80,29413.29,19.45,9.2697,<30
2026-03-31,1305,華夏,20260330,18.40,27817.818,19.60,6.5217,<30
2026-03-31,1308,亞聚,20260330,19.40,25979.598,20.55,5.9278,<30
2026-03-31,1326,台化,20260330,48.65,116567.725,50.20,3.1860,50-70
2026-03-31,1905,華紙,20260330,16.90,18041.618,17.95,6.2130,<30
2026-03-31,3062,建漢,20260330,30.70,80433.269,30.70,0.0000,30-50
2026-03-31,3545,敦泰,20260330,49.70,8313.735,48.45,-2.5151,30-50
2026-03-31,5243,乙盛-KY,20260330,82.30,10193.719,84.50,2.6731,70-100
2026-03-31,6175,立敦,20260330,49.85,5303,51.00,2.3069,50-70
2026-04-01,1528,恩德,20260331,26.95,33533.681,27.95,3.7106,<30
2026-04-01,1905,華紙,20260331,18.55,39064.303,16.70,-9.9730,<30
2026-04-01,6919,康霈*,20260331,86.30,20539.939,94.30,9.2700,70-100
2026-04-02,2409,友達,20260401,15.95,206249.608,16.50,3.4483,<30
2026-04-02,3062,建漢,20260401,32.60,17579.11,34.00,4.2945,30-50
2026-04-02,3221,台嘉碩,20260401,38.80,19159,38.70,-0.2577,30-50
2026-04-02,4906,正文,20260401,39.65,114141.049,41.55,4.7919,30-50
2026-04-02,6147,頎邦,20260401,76.40,25672,80.00,4.7120,70-100
2026-04-02,6919,康霈*,20260401,94.90,38089.875,96.00,1.1591,70-100
2026-04-07,1309,台達化,20260402,25.95,53264.129,26.25,1.1561,<30
2026-04-07,2426,鼎元,20260402,38.30,11959.044,42.10,9.9217,30-50
2026-04-07,3714,富采,20260402,54.20,45397.542,55.40,2.2140,50-70
2026-04-07,6147,頎邦,20260402,84.00,72529,91.00,8.3333,70-100
2026-04-07,6168,宏齊,20260402,26.00,13553.796,26.10,0.3846,<30
2026-04-07,7780,大研生醫*,20260402,22.25,7407.595,22.30,0.2247,<30
2026-04-08,2489,瑞軒,20260407,35.40,59320.644,38.45,8.6158,30-50
2026-04-08,3673,TPK-KY,20260407,48.70,13184.293,51.30,5.3388,50-70
2026-04-08,5425,台半,20260407,58.60,7898,60.00,2.3891,50-70
2026-04-08,8438,昶昕,20260407,78.30,7190.968,80.00,2.1711,70-100
2026-04-09,1449,佳和,20260408,14.95,16596.303,15.95,6.6890,<30
2026-04-09,1717,長興,20260408,67.10,45786.384,67.60,0.7452,50-70
2026-04-09,1802,台玻,20260408,59.00,54516.24,61.50,4.2373,50-70
2026-04-09,2369,菱生,20260408,31.00,14316.382,31.60,1.9355,30-50
2026-04-09,2388,威盛,20260408,54.60,5558.526,54.50,-0.1832,50-70
2026-04-09,2399,映泰,20260408,37.95,40114.675,36.65,-3.4256,30-50
2026-04-09,2402,毅嘉,20260408,56.90,18631.822,56.60,-0.5272,50-70
2026-04-09,2419,仲琦,20260408,36.95,21645.865,39.50,6.9012,30-50
2026-04-09,2426,鼎元,20260408,39.10,47309.037,41.40,5.8824,30-50
2026-04-09,2476,鉅祥,20260408,94.90,6613.599,96.80,2.0021,70-100
2026-04-09,2489,瑞軒,20260408,38.90,34718.181,41.30,6.1697,30-50
2026-04-09,3339,泰谷,20260408,45.45,14702,45.45,0.0000,30-50
2026-04-09,3380,明泰,20260408,41.05,19188.622,43.80,6.6991,30-50
2026-04-09,3645,達邁,20260408,76.40,6198.847,74.90,-1.9634,70-100
2026-04-09,4973,廣穎,20260408,76.20,7772,75.20,-1.3123,70-100
2026-04-09,4989,榮科,20260408,69.30,14445.863,71.40,3.0303,70-100
2026-04-09,5351,鈺創,20260408,71.00,5451,74.00,4.2254,70-100
2026-04-09,6147,頎邦,20260408,98.70,19875,99.90,1.2158,70-100
2026-04-09,6153,嘉聯益,20260408,17.35,8127.426,17.45,0.5764,<30
2026-04-09,6190,萬泰科,20260408,61.00,16709,62.90,3.1148,50-70
2026-04-09,8064,東捷,20260408,71.20,12616,72.00,1.1236,70-100
2026-04-09,8096,擎亞,20260408,103.00,39973,100.00,-2.9126,70-100
2026-04-10,1711,永光,20260409,36.65,26225.388,39.00,6.4120,30-50
2026-04-10,1717,長興,20260409,73.80,106577.189,77.60,5.1491,70-100
2026-04-10,2409,友達,20260409,18.75,671934.54,19.40,3.4667,<30
2026-04-10,2426,鼎元,20260409,43.00,22925.356,47.30,10.0000,30-50
2026-04-10,2489,瑞軒,20260409,42.75,63672.071,44.60,4.3275,30-50
2026-04-10,3028,增你強,20260409,60.20,5776.936,62.50,3.8206,50-70
2026-04-10,3049,精金,20260409,12.50,14435.591,13.25,6.0000,<30
2026-04-10,3498,陽程,20260409,84.10,5832,90.00,7.0155,70-100
2026-04-10,3714,富采,20260409,57.30,49593.669,58.90,2.7923,50-70
2026-04-10,4927,泰鼎-KY,20260409,45.40,16750.134,46.20,1.7621,30-50
2026-04-10,4949,有成精密,20260409,77.00,7550.546,81.30,5.5844,70-100
2026-04-10,6152,百一,20260409,18.25,7853.457,18.50,1.3699,<30
2026-04-10,6218,豪勉,20260409,34.55,6352,36.95,6.9465,30-50
2026-04-10,8064,東捷,20260409,78.30,17835,80.00,2.1711,70-100
2026-04-13,1727,中華化,20260410,55.70,10538.129,57.00,2.3339,50-70
2026-04-13,2402,毅嘉,20260410,61.30,28796.377,61.80,0.8157,50-70
2026-04-13,2413,環科,20260410,53.60,7150.88,54.80,2.2388,50-70
2026-04-13,2426,鼎元,20260410,47.30,26363.134,50.60,6.9767,50-70
2026-04-13,3031,佰鴻,20260410,28.35,15401.996,28.35,0.0000,<30
2026-04-13,3645,達邁,20260410,82.20,14236.702,85.50,4.0146,70-100
2026-04-13,4949,有成精密,20260410,84.70,6908.806,88.50,4.4864,70-100
2026-04-13,4960,誠美材,20260410,23.00,23702.12,22.75,-1.0870,<30
2026-04-13,4989,榮科,20260410,80.70,49978.157,81.00,0.3717,70-100
2026-04-13,6127,九豪,20260410,42.75,13857,43.00,0.5848,30-50
2026-04-13,8240,華宏,20260410,63.40,7839,63.40,0.0000,50-70
2026-04-13,8438,昶昕,20260410,89.30,5383.092,93.30,4.4793,70-100
2026-04-14,1326,台化,20260413,49.95,90396.267,49.90,-0.1001,30-50
2026-04-14,1711,永光,20260413,42.55,30112.829,45.30,6.4630,30-50
2026-04-14,1735,日勝化,20260413,30.25,6340.773,30.55,0.9917,30-50
2026-04-14,1802,台玻,20260413,63.40,122615.639,64.90,2.3659,50-70
2026-04-14,2402,毅嘉,20260413,67.40,39548.175,71.00,5.3412,70-100
2026-04-14,2426,鼎元,20260413,52.00,10051.479,55.60,6.9231,50-70
2026-04-14,2484,希華,20260413,34.90,19206.934,37.30,6.8768,30-50
2026-04-14,2485,兆赫,20260413,80.80,58788.039,86.90,7.5495,70-100
2026-04-14,3031,佰鴻,20260413,31.15,32357.157,31.20,0.1605,30-50
2026-04-14,3221,台嘉碩,20260413,39.70,13722,40.20,1.2594,30-50
2026-04-14,3339,泰谷,20260413,51.10,9174,54.20,6.0665,50-70
2026-04-14,3581,博磊,20260413,81.90,5125,90.00,9.8901,70-100
2026-04-14,3645,達邁,20260413,90.40,16639.163,97.00,7.3009,70-100
2026-04-14,3673,TPK-KY,20260413,55.00,14174.474,60.50,10.0000,50-70
2026-04-14,3714,富采,20260413,57.20,63010.751,62.90,9.9650,50-70
2026-04-14,4927,泰鼎-KY,20260413,48.20,22584.29,49.40,2.4896,30-50
2026-04-14,4949,有成精密,20260413,93.10,10107.291,94.40,1.3963,70-100
2026-04-14,4960,誠美材,20260413,25.30,30497.441,27.00,6.7194,<30
2026-04-14,5291,邑昇,20260413,77.90,5012,80.00,2.6958,70-100
2026-04-14,5328,華容,20260413,27.00,12273,28.50,5.5556,<30
2026-04-14,6173,信昌電,20260413,71.80,11491,72.60,1.1142,70-100
2026-04-14,6175,立敦,20260413,58.00,13186,59.10,1.8966,50-70
2026-04-14,6209,今國光,20260413,60.50,5178.202,63.80,5.4545,50-70
2026-04-14,6224,聚鼎,20260413,47.85,6917.94,52.10,8.8819,50-70
2026-04-14,8289,泰藝,20260413,41.50,6112,41.50,0.0000,30-50
2026-04-15,1312,國喬,20260414,14.85,46274.804,15.25,2.6936,<30
2026-04-15,1721,三晃,20260414,20.00,7001.793,20.50,2.5000,<30
2026-04-15,2409,友達,20260414,19.80,556950.317,19.95,0.7576,<30
2026-04-15,3673,TPK-KY,20260414,60.50,9396.876,64.50,6.6116,50-70
2026-04-15,3707,漢磊,20260414,56.20,6301,56.20,0.0000,50-70
2026-04-15,3714,富采,20260414,62.90,8005.518,69.10,9.8569,50-70
2026-04-15,4540,全球傳動,20260414,51.90,10696.286,54.50,5.0096,50-70
2026-04-15,4956,光鋐,20260414,41.80,26550.65,45.10,7.8947,30-50
2026-04-15,4989,榮科,20260414,89.40,20627.438,96.20,7.6063,70-100
2026-04-15,6282,康舒,20260414,50.40,30765.539,52.80,4.7619,50-70
2026-04-16,1528,恩德,20260415,30.35,43735.98,31.30,3.1301,30-50
2026-04-16,2388,威盛,20260415,62.40,22249.251,62.40,0.0000,50-70
2026-04-16,2399,映泰,20260415,37.05,23953.045,37.70,1.7544,30-50
2026-04-16,2495,普安,20260415,45.20,25800.472,44.80,-0.8850,30-50
2026-04-16,3221,台嘉碩,20260415,41.55,15404,42.05,1.2034,30-50
2026-04-16,3339,泰谷,20260415,57.30,7880,59.00,2.9668,50-70
2026-04-16,3437,榮創,20260415,25.20,15773.318,26.80,6.3492,<30
2026-04-16,3576,聯合再生,20260415,16.90,48189.13,16.85,-0.2959,<30
2026-04-16,3673,TPK-KY,20260415,66.50,14998.762,69.50,4.5113,50-70
2026-04-16,3714,富采,20260415,69.10,7553.838,71.90,4.0521,70-100
2026-04-16,4763,材料*-KY,20260415,46.10,9088.01,48.50,5.2061,30-50
2026-04-16,4956,光鋐,20260415,45.95,6228.242,46.25,0.6529,30-50
2026-04-16,4960,誠美材,20260415,28.05,32829.171,30.70,9.4474,30-50
2026-04-16,4989,榮科,20260415,98.30,18803.101,98.60,0.3052,70-100
2026-04-16,6175,立敦,20260415,62.40,14211,62.00,-0.6410,50-70
2026-04-16,6244,茂迪,20260415,29.60,21674,29.05,-1.8581,<30
2026-04-16,6443,元晶,20260415,40.70,18964.431,41.70,2.4570,30-50
2026-04-16,6456,GIS-KY,20260415,70.10,38149.141,70.20,0.1427,70-100
2026-04-16,6806,森崴能源,20260415,20.45,6655.572,21.85,6.8460,<30
2026-04-16,6909,創控,20260415,58.00,7141.257,60.70,4.6552,50-70
2026-04-16,9933,中鼎,20260415,38.10,17740.788,39.15,2.7559,30-50
2026-04-17,2303,聯電,20260416,68.30,282525.368,68.30,0.0000,50-70
2026-04-17,2312,金寶,20260416,25.70,23712.991,26.00,1.1673,<30
2026-04-17,2340,台亞,20260416,32.25,11175.026,34.10,5.7364,30-50
2026-04-17,2363,矽統,20260416,53.30,22414.304,52.30,-1.8762,50-70
2026-04-17,2484,希華,20260416,40.30,17633.554,43.75,8.5608,30-50
2026-04-17,3049,精金,20260416,12.90,14570.729,13.75,6.5891,<30
2026-04-17,3221,台嘉碩,20260416,45.70,21065,45.55,-0.3282,30-50
2026-04-17,3339,泰谷,20260416,63.00,13808,63.00,0.0000,50-70
2026-04-17,3576,聯合再生,20260416,18.55,47111.743,19.00,2.4259,<30
2026-04-17,3714,富采,20260416,76.00,180045.652,76.90,1.1842,70-100
2026-04-17,4714,永捷,20260416,15.70,5588,15.50,-1.2739,<30
2026-04-17,4939,亞電,20260416,37.45,14685,41.15,9.8798,30-50
2026-04-17,4960,誠美材,20260416,30.85,11326.78,33.90,9.8865,30-50
2026-04-17,5498,凱崴,20260416,69.30,25885,70.30,1.4430,70-100
2026-04-17,6163,華電網,20260416,67.20,18365,69.00,2.6786,50-70
2026-04-17,6173,信昌電,20260416,83.90,23699,84.30,0.4768,70-100
2026-04-17,6208,日揚,20260416,75.40,5445,75.40,0.0000,70-100
2026-04-17,8043,蜜望實,20260416,94.10,12280,95.30,1.2752,70-100
2026-04-17,8150,南茂,20260416,73.70,50429.107,74.60,1.2212,70-100
2026-04-20,1711,永光,20260417,47.95,73476.393,52.60,9.6976,50-70
2026-04-20,1721,三晃,20260417,20.50,9766.189,21.95,7.0732,<30
2026-04-20,2338,光罩,20260417,50.90,9336.417,52.50,3.1434,50-70
2026-04-20,2402,毅嘉,20260417,77.70,39487.468,78.50,1.0296,70-100
2026-04-20,3339,泰谷,20260417,69.30,14033,66.50,-4.0404,50-70
2026-04-20,3437,榮創,20260417,27.20,14367.91,29.90,9.9265,<30
2026-04-20,4956,光鋐,20260417,49.75,7117.937,54.70,9.9497,50-70
2026-04-20,5425,台半,20260417,65.70,16009,66.20,0.7610,50-70
2026-04-20,6141,柏承,20260417,31.20,6708.821,34.30,9.9359,30-50
2026-04-20,6173,信昌電,20260417,92.20,40598,93.50,1.4100,70-100
2026-04-20,6205,詮欣,20260417,75.00,6738.285,82.50,10.0000,70-100
2026-04-20,6226,光鼎,20260417,14.60,7266.475,15.50,6.1644,<30
2026-04-20,6425,易發,20260417,85.90,7955,86.50,0.6985,70-100
2026-04-20,6548,長科*,20260417,54.70,22464,57.30,4.7532,50-70
2026-04-20,6603,富強鑫,20260417,25.45,6458,26.60,4.5187,<30
2026-04-20,6909,創控,20260417,64.90,7113.388,67.00,3.2357,50-70
2026-04-20,8111,立碁,20260417,79.20,16196,83.30,5.1768,70-100
2026-04-20,8182,加高,20260417,39.05,5291,39.55,1.2804,30-50
2026-04-20,8215,明基材,20260417,29.25,6467.593,28.90,-1.1966,<30
2026-04-20,8383,千附,20260417,62.40,8770,65.00,4.1667,50-70
2026-04-21,1711,永光,20260420,52.70,9791.828,57.90,9.8672,50-70
2026-04-21,1721,三晃,20260420,22.55,6786.904,24.80,9.9778,<30
2026-04-21,2340,台亞,20260420,35.50,16774.797,39.05,10.0000,30-50
2026-04-21,2392,正崴,20260420,40.25,6110.811,40.85,1.4907,30-50
2026-04-21,2464,盟立,20260420,86.90,19558.958,88.00,1.2658,70-100
2026-04-21,2484,希華,20260420,46.60,27553.465,48.85,4.8283,30-50
2026-04-21,3024,憶聲,20260420,12.00,6566.548,13.10,9.1667,<30
2026-04-21,3149,正達,20260420,46.50,6506.651,47.80,2.7957,30-50
2026-04-21,3221,台嘉碩,20260420,48.80,15624,51.80,6.1475,50-70
2026-04-21,3437,榮創,20260420,29.90,8696.532,31.00,3.6789,30-50
2026-04-21,4714,永捷,20260420,16.70,6857,16.90,1.1976,<30
2026-04-21,4720,德淵,20260420,24.30,9322.363,25.65,5.5556,<30
2026-04-21,4939,亞電,20260420,45.25,29413,45.25,0.0000,30-50
2026-04-21,4960,誠美材,20260420,37.20,8985.293,40.45,8.7366,30-50
2026-04-21,5244,弘凱,20260420,50.80,7795.366,49.80,-1.9685,30-50
2026-04-21,5498,凱崴,20260420,75.60,24692,77.60,2.6455,70-100
2026-04-21,6141,柏承,20260420,34.30,10720.653,36.35,5.9767,30-50
2026-04-21,6163,華電網,20260420,74.10,23993,74.40,0.4049,70-100
2026-04-21,6182,合晶,20260420,39.35,43473,40.90,3.9390,30-50
2026-04-21,8074,鉅橡,20260420,78.30,24456,78.30,0.0000,70-100
2026-04-21,8182,加高,20260420,42.95,7590,43.00,0.1164,30-50
2026-04-21,8289,泰藝,20260420,54.60,11349,58.60,7.3260,50-70
2026-04-21,8383,千附,20260420,68.60,5136,72.20,5.2478,70-100
2026-04-22,1721,三晃,20260421,24.80,6759.162,27.00,8.8710,<30
2026-04-22,1905,華紙,20260421,14.50,11121.352,14.50,0.0000,<30
2026-04-22,2312,金寶,20260421,27.15,66132.275,28.90,6.4457,<30
2026-04-22,2388,威盛,20260421,72.80,15279.17,77.00,5.7692,70-100
2026-04-22,2399,映泰,20260421,41.95,16909.196,45.00,7.2706,30-50
2026-04-22,2436,偉詮電,20260421,75.10,27574.769,77.10,2.6631,70-100
2026-04-22,3024,憶聲,20260421,13.20,6974.046,14.20,7.5758,<30
2026-04-22,3221,台嘉碩,20260421,53.60,19393,53.60,0.0000,50-70
2026-04-22,3709,鑫聯大投控,20260421,77.30,9854,79.90,3.3635,70-100
2026-04-22,4960,誠美材,20260421,40.90,18302.368,43.35,5.9902,30-50
2026-04-22,4973,廣穎,20260421,87.30,9719,91.20,4.4674,70-100
2026-04-22,5498,凱崴,20260421,83.10,50033,86.70,4.3321,70-100
2026-04-22,6153,嘉聯益,20260421,20.65,16327.665,21.60,4.6005,<30
2026-04-22,6182,合晶,20260421,43.25,74024,44.05,1.8497,30-50
2026-04-22,6205,詮欣,20260421,89.10,11873.824,90.40,1.4590,70-100
2026-04-22,8088,品安,20260421,55.10,6472,56.00,1.6334,50-70
2026-04-22,8150,南茂,20260421,74.10,55173.57,76.60,3.3738,70-100
2026-04-23,1711,永光,20260422,59.60,50378.967,63.70,6.8792,50-70
2026-04-23,1721,三晃,20260422,27.25,14634.311,29.40,7.8899,<30
2026-04-23,1727,中華化,20260422,64.90,17514.233,68.90,6.1633,50-70
2026-04-23,2312,金寶,20260422,29.85,121461.098,31.40,5.1926,30-50
2026-04-23,2340,台亞,20260422,42.95,26240.267,45.80,6.6356,30-50
2026-04-23,2388,威盛,20260422,80.00,9443.279,82.00,2.5000,70-100
2026-04-23,3071,協禧,20260422,33.40,5123,35.50,6.2874,30-50
2026-04-23,3312,弘憶股,20260422,47.40,9276.914,49.00,3.3755,30-50
2026-04-23,3338,泰碩,20260422,77.70,12501.941,85.00,9.3951,70-100
2026-04-23,3701,大眾控,20260422,78.60,24606.502,78.70,0.1272,70-100
2026-04-23,4952,凌通,20260422,53.50,6638.283,56.00,4.6729,50-70
2026-04-23,4960,誠美材,20260422,44.95,11789.88,47.20,5.0056,30-50
2026-04-23,6234,高僑,20260422,38.25,8886,42.05,9.9346,30-50
2026-04-23,6548,長科*,20260422,61.10,24365,63.00,3.1097,50-70
2026-04-23,6962,奕力-KY,20260422,37.40,7691.434,39.20,4.8128,30-50
2026-04-24,1309,台達化,20260423,20.45,29603.591,21.00,2.6895,<30
2026-04-24,1595,川寶,20260423,60.60,5486,65.80,8.5809,50-70
2026-04-24,1721,三晃,20260423,29.95,32491.516,27.50,-8.1803,<30
2026-04-24,2542,興富發,20260423,37.40,9033.729,37.80,1.0695,30-50
2026-04-24,3162,精確,20260423,83.90,22791,82.70,-1.4303,70-100
2026-04-24,3338,泰碩,20260423,85.40,20492.152,83.50,-2.2248,70-100
2026-04-24,6234,高僑,20260423,42.05,11324,46.00,9.3936,30-50
2026-04-24,8240,華宏,20260423,72.80,18903,73.90,1.5110,70-100
2026-04-27,1595,川寶,20260424,66.60,6517,71.20,6.9069,70-100
2026-04-27,1727,中華化,20260424,70.70,24145.751,75.50,6.7893,70-100
2026-04-27,2399,映泰,20260424,43.65,49139.699,43.65,0.0000,30-50
2026-04-27,3209,全科,20260424,54.50,13248.712,55.40,1.6514,50-70
2026-04-27,3390,旭軟,20260424,28.75,9498,29.40,2.2609,<30
2026-04-27,4720,德淵,20260424,27.35,12006.332,28.25,3.2907,<30
2026-04-27,6108,競國,20260424,19.35,6281.934,21.25,9.8191,<30
2026-04-27,8064,東捷,20260424,84.20,24359,89.00,5.7007,70-100
2026-04-28,2103,台橡,20260427,20.40,17691.099,20.20,-0.9804,<30
2026-04-28,3028,增你強,20260427,68.60,9343.038,69.80,1.7493,50-70
2026-04-28,4927,泰鼎-KY,20260427,58.60,48691.111,58.00,-1.0239,50-70
2026-04-28,4973,廣穎,20260427,88.10,9172,88.60,0.5675,70-100
2026-04-28,6265,方土昶,20260427,39.40,7160,40.35,2.4112,30-50
2026-04-28,8240,華宏,20260427,74.80,6113,81.70,9.2246,70-100
2026-04-29,1711,永光,20260428,56.30,5713.006,53.10,-5.6838,50-70
2026-04-29,1802,台玻,20260428,70.60,125945.092,68.90,-2.4079,50-70
2026-04-29,2312,金寶,20260428,30.10,139439.267,29.65,-1.4950,<30
2026-04-29,2365,昆盈,20260428,36.85,15232.586,37.00,0.4071,30-50
2026-04-29,2375,凱美,20260428,88.30,7531.149,88.30,0.0000,70-100
2026-04-29,2426,鼎元,20260428,54.10,5896.386,50.80,-6.0998,50-70
2026-04-29,3714,富采,20260428,71.30,11392.558,72.20,1.2623,70-100
2026-04-29,4540,全球傳動,20260428,60.80,10892.129,62.50,2.7961,50-70
2026-04-29,5328,華容,20260428,25.95,8135,25.75,-0.7707,<30
2026-04-29,5351,鈺創,20260428,70.60,23308,70.60,0.0000,70-100
2026-04-29,6405,悅城,20260428,42.10,6822.437,44.40,5.4632,30-50
2026-04-29,8064,東捷,20260428,86.30,18898,85.20,-1.2746,70-100
2026-04-30,1722,台肥,20260429,48.70,20006.046,51.00,4.7228,50-70
2026-04-30,1727,中華化,20260429,83.20,18527.043,81.80,-1.6827,70-100
2026-04-30,2340,台亞,20260429,38.85,12523.938,39.35,1.2870,30-50
2026-04-30,2426,鼎元,20260429,59.50,36419.814,62.60,5.2101,50-70
2026-04-30,2489,瑞軒,20260429,42.00,85451.042,42.00,0.0000,30-50
2026-04-30,3016,嘉晶,20260429,81.60,20043.561,89.70,9.9265,70-100
2026-04-30,3149,正達,20260429,47.70,15060.457,49.00,2.7254,30-50
2026-04-30,5425,台半,20260429,64.60,17375,65.70,1.7028,50-70
2026-04-30,6168,宏齊,20260429,26.95,6114.169,26.80,-0.5566,<30
2026-04-30,6205,詮欣,20260429,91.70,17534.864,91.70,0.0000,70-100
2026-04-30,6218,豪勉,20260429,39.30,7922,39.30,0.0000,30-50
2026-04-30,6234,高僑,20260429,48.05,12292,51.40,6.9719,50-70
2026-05-04,1309,台達化,20260430,20.80,24559.783,19.70,-5.2885,<30
2026-05-04,1595,川寶,20260430,72.80,5174,77.00,5.7692,70-100
2026-05-04,2388,威盛,20260430,78.60,21343.602,83.00,5.5980,70-100
2026-05-04,2417,圓剛,20260430,47.15,11980.273,51.80,9.8621,50-70
2026-05-04,3498,陽程,20260430,87.70,6149,92.00,4.9031,70-100
2026-05-04,3707,漢磊,20260430,66.20,33012,67.20,1.5106,50-70
2026-05-04,8074,鉅橡,20260430,80.30,7919,88.00,9.5890,70-100
2026-05-05,1504,東元,20260504,68.60,20779.655,70.30,2.4781,70-100
2026-05-05,2329,華泰,20260504,60.30,25467.443,60.40,0.1658,50-70
2026-05-05,2417,圓剛,20260504,51.80,7068.315,56.00,8.1081,50-70
2026-05-05,2426,鼎元,20260504,63.00,25246.011,69.30,10.0000,50-70
2026-05-05,2441,超豐,20260504,92.40,17911.318,94.00,1.7316,70-100
2026-05-05,2465,麗臺,20260504,81.40,6841.042,81.40,0.0000,70-100
2026-05-05,2485,兆赫,20260504,64.50,23947.369,65.80,2.0155,50-70
2026-05-05,3049,精金,20260504,13.40,8081.115,13.95,4.1045,<30
2026-05-05,3498,陽程,20260504,96.40,7659,98.50,2.1784,70-100
2026-05-05,4510,高鋒,20260504,51.70,8327,51.00,-1.3540,50-70
2026-05-05,6182,合晶,20260504,44.10,58401,44.20,0.2268,30-50
2026-05-05,6412,群電,20260504,89.10,9097.397,87.90,-1.3468,70-100
2026-05-05,8074,鉅橡,20260504,88.30,10861,91.30,3.3975,70-100
2026-05-05,8131,福懋科,20260504,66.80,13899.921,66.80,0.0000,50-70
2026-05-06,1595,川寶,20260505,84.70,5440,93.10,9.9174,70-100
2026-05-06,1802,台玻,20260505,72.80,141172.57,73.80,1.3736,70-100
2026-05-06,1809,中釉,20260505,31.05,16142.64,34.15,9.9839,30-50
2026-05-06,2342,茂矽,20260505,39.70,7017.435,42.00,5.7935,30-50
2026-05-06,2354,鴻準,20260505,58.50,36260.363,62.00,5.9829,50-70
2026-05-06,2417,圓剛,20260505,56.90,10351.663,58.40,2.6362,50-70
2026-05-06,2426,鼎元,20260505,69.30,6019.353,76.20,9.9567,70-100
2026-05-06,2465,麗臺,20260505,89.50,8479.16,93.50,4.4693,70-100
2026-05-06,2489,瑞軒,20260505,46.20,87302.261,47.90,3.6797,30-50
2026-05-06,3162,精確,20260505,83.00,8650,87.90,5.9036,70-100
2026-05-06,3481,群創,20260505,27.25,486930.201,27.80,2.0183,<30
2026-05-06,3550,聯穎,20260505,23.50,9625.894,24.25,3.1915,<30
2026-05-06,3707,漢磊,20260505,75.50,29436,77.60,2.7815,70-100
2026-05-06,4927,泰鼎-KY,20260505,58.70,30501.538,58.70,0.0000,50-70
2026-05-06,5464,霖宏,20260505,39.45,5772,43.35,9.8859,30-50
2026-05-06,6182,合晶,20260505,48.50,63678,51.50,6.1856,50-70
2026-05-06,6209,今國光,20260505,68.70,10567.936,68.50,-0.2911,50-70
2026-05-06,6405,悅城,20260505,61.40,12493.774,60.00,-2.2801,50-70
2026-05-06,8040,九暘,20260505,81.80,7676,89.90,9.9022,70-100
2026-05-06,8150,南茂,20260505,84.10,20021.669,92.50,9.9881,70-100
2026-05-06,8215,明基材,20260505,28.40,10633.226,30.95,8.9789,30-50
2026-05-07,1595,川寶,20260506,93.10,5711,89.50,-3.8668,70-100
2026-05-07,1809,中釉,20260506,34.15,19148.538,37.30,9.2240,30-50
2026-05-07,2303,聯電,20260506,91.40,256466.477,97.40,6.5646,70-100
2026-05-07,2354,鴻準,20260506,64.30,83280.91,64.80,0.7776,50-70
2026-05-07,2426,鼎元,20260506,76.20,58846.977,74.80,-1.8373,70-100
2026-05-07,3028,增你強,20260506,76.50,6698.508,81.10,6.0131,70-100
2026-05-07,3033,威健,20260506,42.40,51739.018,45.00,6.1321,30-50
2026-05-07,3094,聯傑,20260506,30.35,7112.616,32.85,8.2372,30-50
2026-05-07,3390,旭軟,20260506,28.05,5006,28.00,-0.1783,<30
2026-05-07,6108,競國,20260506,22.00,10594.363,24.20,10.0000,<30
2026-05-07,8215,明基材,20260506,31.20,8642.517,31.40,0.6410,30-50
2026-05-08,1504,東元,20260507,74.00,43629.834,74.60,0.8108,70-100
2026-05-08,1605,華新,20260507,35.85,105026.332,36.00,0.4184,30-50
2026-05-08,2338,光罩,20260507,54.30,17928.655,54.00,-0.5525,50-70
2026-05-08,2342,茂矽,20260507,45.95,16079.768,45.75,-0.4353,30-50
2026-05-08,2484,希華,20260507,44.85,20466.665,44.40,-1.0033,30-50
2026-05-08,3094,聯傑,20260507,33.35,7117.486,34.05,2.0990,30-50
2026-05-08,3354,律勝,20260507,34.20,8179,36.00,5.2632,30-50
2026-05-08,3576,聯合再生,20260507,17.20,34205.727,17.40,1.1628,<30
2026-05-08,3624,光頡,20260507,59.40,9424,57.80,-2.6936,50-70
2026-05-08,4540,全球傳動,20260507,75.70,22444.945,74.00,-2.2457,70-100
2026-05-08,4720,德淵,20260507,27.90,7363.354,27.00,-3.2258,<30
2026-05-08,4906,正文,20260507,38.70,20084.641,41.50,7.2351,30-50
2026-05-08,4956,光鋐,20260507,52.80,10475.212,53.50,1.3258,50-70
2026-05-08,5328,華容,20260507,28.60,16859,29.10,1.7483,<30
2026-05-08,5864,致和證,20260507,34.30,10137,35.75,4.2274,30-50
2026-05-08,6108,競國,20260507,24.20,9910.997,22.15,-8.4711,<30
2026-05-08,6116,彩晶,20260507,9.40,69808.033,9.37,-0.3191,<30
2026-05-08,6182,合晶,20260507,55.60,68933,56.30,1.2590,50-70
2026-05-08,6244,茂迪,20260507,30.30,12935,31.00,2.3102,30-50
2026-05-08,6770,力積電,20260507,63.90,312338.758,65.00,1.7214,50-70
2026-05-08,8042,金山電,20260507,85.00,9735,85.00,0.0000,70-100
2026-05-08,8289,泰藝,20260507,52.50,6807,52.30,-0.3810,50-70
2026-05-11,2305,全友,20260508,17.80,9100.241,17.45,-1.9663,<30
2026-05-11,3709,鑫聯大投控,20260508,92.90,9341,91.00,-2.0452,70-100
2026-05-11,5291,邑昇,20260508,70.40,6026,75.00,6.5341,70-100
2026-05-11,5464,霖宏,20260508,52.40,7811,52.60,0.3817,50-70
2026-05-11,6509,聚和,20260508,44.65,8981,44.90,0.5599,30-50
2026-05-11,6695,芯鼎,20260508,52.90,7375.991,52.90,0.0000,50-70
2026-05-11,6834,天二科技,20260508,48.10,5906.614,47.90,-0.4158,30-50
2026-05-12,1721,三晃,20260511,31.35,12326.72,32.00,2.0734,30-50
2026-05-12,1809,中釉,20260511,39.60,12762.844,43.45,9.7222,30-50
2026-05-12,2030,彰源,20260511,18.00,5239.04,18.00,0.0000,<30
2026-05-12,3209,全科,20260511,60.50,6651.199,64.70,6.9421,50-70
2026-05-12,3481,群創,20260511,32.30,417999.548,34.70,7.4303,30-50
2026-05-12,5009,榮剛,20260511,40.15,18481,40.95,1.9925,30-50
2026-05-12,5425,台半,20260511,80.30,37121,81.00,0.8717,70-100
2026-05-12,5471,松翰,20260511,49.85,6607.148,50.60,1.5045,50-70
2026-05-12,6016,康和證,20260511,24.05,15362,25.40,5.6133,<30
2026-05-12,6282,康舒,20260511,55.40,90352.778,56.30,1.6245,50-70
2026-05-12,8213,志超,20260511,41.80,6809.218,43.80,4.7847,30-50
2026-05-13,1721,三晃,20260512,34.45,20915.27,33.70,-2.1771,30-50
2026-05-13,2409,友達,20260512,20.70,730161.791,20.20,-2.4155,<30
2026-05-13,3209,全科,20260512,66.50,8106.266,62.90,-5.4135,50-70
2026-05-13,3360,尚立,20260512,16.00,6329,15.95,-0.3125,<30
2026-05-13,3481,群創,20260512,35.50,833426.756,35.80,0.8451,30-50
2026-05-13,5285,界霖,20260512,74.50,5413.454,72.30,-2.9530,70-100
2026-05-13,6116,彩晶,20260512,10.65,134250.146,10.85,1.8779,<30
2026-05-13,8043,蜜望實,20260512,93.10,10453,95.30,2.3631,70-100
2026-05-13,8105,凌巨,20260512,14.75,11599.617,14.90,1.0169,<30
2026-05-13,8289,泰藝,20260512,54.90,7072,54.80,-0.1821,50-70
2026-05-14,2302,麗正,20260513,26.00,17592.583,27.00,3.8462,<30
2026-05-14,3236,千如,20260513,38.85,20698,40.30,3.7323,30-50
2026-05-14,3615,安可,20260513,36.10,8010,36.80,1.9391,30-50
2026-05-14,3673,TPK-KY,20260513,66.60,27239.377,69.00,3.6036,50-70
2026-05-14,6901,鑽石投資,20260513,14.75,6835.638,15.10,2.3729,<30
2026-05-14,8088,品安,20260513,57.20,12210,60.00,4.8951,50-70
2026-05-14,8105,凌巨,20260513,16.20,34255.421,16.30,0.6173,<30
2026-05-14,8926,台汽電,20260513,56.70,19498.985,59.70,5.2910,50-70
2026-05-15,2498,宏達電,20260514,44.10,21497.834,46.35,5.1020,30-50
2026-05-15,3048,益登,20260514,51.00,34119.735,56.00,9.8039,50-70
2026-05-15,3624,光頡,20260514,73.20,6050,74.10,1.2295,70-100
2026-05-15,3707,漢磊,20260514,80.00,37627,85.00,6.2500,70-100
2026-05-15,6209,今國光,20260514,68.30,12031.271,68.30,0.0000,50-70
2026-05-15,6834,天二科技,20260514,48.25,5442.591,48.20,-0.1036,30-50
2026-05-15,7777,能率亞洲,20260514,34.15,6504,36.20,6.0029,30-50
2026-05-15,8163,達方,20260514,32.30,6437.549,32.35,0.1548,30-50
2026-05-18,1727,中華化,20260515,87.40,21498.216,88.00,0.6865,70-100
2026-05-18,3048,益登,20260515,56.10,24415.607,59.00,5.1693,50-70
2026-05-18,4540,全球傳動,20260515,70.90,18409.898,69.90,-1.4104,50-70
2026-05-18,6141,柏承,20260515,28.25,7334.148,31.05,9.9115,30-50
2026-05-18,6207,雷科,20260515,77.20,8955,76.90,-0.3886,70-100
2026-05-18,9914,美利達,20260515,70.10,7273.623,70.00,-0.1427,70-100
2026-05-19,2355,敬鵬,20260518,57.70,32456.209,61.30,6.2392,50-70
2026-05-19,2478,大毅,20260518,91.80,11855.627,89.00,-3.0501,70-100
2026-05-19,2484,希華,20260518,41.00,15616.165,41.50,1.2195,30-50
2026-05-19,3221,台嘉碩,20260518,44.60,7385,44.75,0.3363,30-50
2026-05-19,3615,安可,20260518,40.95,15251,42.85,4.6398,30-50
2026-05-19,3624,光頡,20260518,83.80,24847,83.40,-0.4773,70-100
2026-05-19,3663,鑫科,20260518,75.90,5500,76.30,0.5270,70-100
2026-05-19,4562,穎漢,20260518,42.95,8310.151,43.70,1.7462,30-50
2026-05-19,4916,事欣科,20260518,74.40,8465.884,81.80,9.9462,70-100
2026-05-19,6207,雷科,20260518,84.90,39322,84.80,-0.1178,70-100
2026-05-20,2355,敬鵬,20260519,63.40,40844.819,64.50,1.7350,50-70
2026-05-20,3576,聯合再生,20260519,19.25,68886.114,18.65,-3.1169,<30
2026-05-20,3615,安可,20260519,45.00,5521,46.50,3.3333,30-50
2026-05-20,3663,鑫科,20260519,83.40,14543,85.50,2.5180,70-100
2026-05-20,3673,TPK-KY,20260519,75.40,31020.207,76.80,1.8568,70-100
2026-05-20,4729,熒茂,20260519,25.05,7107,24.80,-0.9980,<30
2026-05-20,5425,台半,20260519,85.60,25974,85.60,0.0000,70-100
2026-05-20,6742,澤米,20260519,52.20,6094.432,53.60,2.6820,50-70
2026-05-21,1710,東聯,20260520,12.95,11972.718,12.75,-1.5444,<30
2026-05-21,2388,威盛,20260520,81.70,25435.748,82.20,0.6120,70-100
2026-05-21,2484,希華,20260520,44.30,23421.542,45.00,1.5801,30-50
2026-05-21,3048,益登,20260520,61.70,13866.647,67.80,9.8865,50-70
2026-05-21,3441,聯一光,20260520,48.15,9353,48.40,0.5192,30-50
2026-05-21,3537,堡達,20260520,57.80,5739,63.50,9.8616,50-70
2026-05-21,3694,海華,20260520,71.20,12437.256,71.20,0.0000,70-100
2026-05-21,4916,事欣科,20260520,89.90,36726.561,92.80,3.2258,70-100
2026-05-21,5314,世紀*,20260520,67.60,6291,68.90,1.9231,50-70
2026-05-21,5328,華容,20260520,30.90,17213,31.60,2.2654,30-50
2026-05-21,5471,松翰,20260520,52.30,6397.337,52.70,0.7648,50-70
2026-05-21,6127,九豪,20260520,52.10,26916,52.70,1.1516,50-70
2026-05-21,6155,鈞寶,20260520,55.90,8528.353,56.50,1.0733,50-70
2026-05-21,6174,安碁,20260520,43.45,6063,45.35,4.3728,30-50
2026-05-21,6175,立敦,20260520,81.50,8607,83.00,1.8405,70-100
2026-05-21,6209,今國光,20260520,78.90,17710.968,85.60,8.4918,70-100
2026-05-21,6834,天二科技,20260520,60.60,6293.048,66.60,9.9010,50-70
2026-05-21,8040,九暘,20260520,98.70,6685,99.70,1.0132,70-100
2026-05-22,1727,中華化,20260521,93.00,23469.35,94.00,1.0753,70-100
2026-05-22,2061,風青,20260521,24.50,7518,24.70,0.8163,<30
2026-05-22,2324,仁寶,20260521,30.35,113948.11,30.95,1.9769,30-50
2026-05-22,2355,敬鵬,20260521,65.00,50817.733,64.80,-0.3077,50-70
2026-05-22,2401,凌陽,20260521,29.55,47782.529,30.45,3.0457,30-50
2026-05-22,2489,瑞軒,20260521,46.80,97194.722,50.70,8.3333,50-70
2026-05-22,2515,中工,20260521,13.85,20276.952,13.95,0.7220,<30
2026-05-22,3031,佰鴻,20260521,33.60,15829.043,34.75,3.4226,30-50
2026-05-22,3236,千如,20260521,48.25,18231,52.60,9.0155,50-70
2026-05-22,3441,聯一光,20260521,52.90,10888,52.50,-0.7561,50-70
2026-05-22,3481,群創,20260521,40.60,524601.29,42.45,4.5567,30-50
2026-05-22,3490,單井,20260521,40.70,6974,42.60,4.6683,30-50
2026-05-22,3707,漢磊,20260521,80.00,18148,81.00,1.2500,70-100
2026-05-22,4916,事欣科,20260521,98.80,46915.796,100.00,1.2146,70-100
2026-05-22,4960,誠美材,20260521,36.45,14574.837,37.00,1.5089,30-50
2026-05-22,5328,華容,20260521,33.95,33315,35.30,3.9764,30-50
2026-05-22,6116,彩晶,20260521,10.80,86611.143,11.10,2.7778,<30
2026-05-22,6182,合晶,20260521,63.60,31084,65.50,2.9874,50-70
2026-05-22,6207,雷科,20260521,88.70,18661,90.00,1.4656,70-100
2026-05-22,6209,今國光,20260521,86.70,52264.877,89.00,2.6528,70-100
2026-05-22,6237,驊訊,20260521,53.40,7113,54.20,1.4981,50-70
2026-05-22,6456,GIS-KY,20260521,69.90,10396.943,70.80,1.2876,70-100
2026-05-22,6742,澤米,20260521,61.70,10790.909,61.00,-1.1345,50-70
2026-05-22,8289,泰藝,20260521,60.80,10326,61.30,0.8224,50-70
2026-05-25,2312,金寶,20260522,33.10,134951.031,36.00,8.7613,30-50
2026-05-25,2340,台亞,20260522,38.65,10858.463,39.00,0.9056,30-50
2026-05-25,2356,英業達,20260522,59.50,122964.502,65.40,9.9160,50-70
2026-05-25,2409,友達,20260522,22.20,394425.774,24.35,9.6847,<30
2026-05-25,2426,鼎元,20260522,83.20,19053.495,83.20,0.0000,70-100
2026-05-25,2484,希華,20260522,49.30,34513.068,52.40,6.2880,50-70
2026-05-25,2489,瑞軒,20260522,51.40,29542.292,56.50,9.9222,50-70
2026-05-25,3032,偉訓,20260522,87.20,5603.321,91.30,4.7018,70-100
2026-05-25,3048,益登,20260522,74.50,21793.143,79.10,6.1745,70-100
2026-05-25,3221,台嘉碩,20260522,56.40,12319,61.80,9.5745,50-70
2026-05-25,3236,千如,20260522,53.00,5981,58.30,10.0000,50-70
2026-05-25,3481,群創,20260522,44.65,388361.57,49.10,9.9664,30-50
2026-05-25,3615,安可,20260522,47.55,15473,50.00,5.1525,50-70
2026-05-25,3714,富采,20260522,81.40,76568.242,85.10,4.5455,70-100
2026-05-25,4927,泰鼎-KY,20260522,56.30,27506.157,58.10,3.1972,50-70
2026-05-25,6116,彩晶,20260522,11.85,101107.069,13.00,9.7046,<30
2026-05-25,6120,達運,20260522,14.70,13984.511,15.00,2.0408,<30
2026-05-25,6168,宏齊,20260522,30.80,24535.872,31.65,2.7597,30-50
2026-05-25,6174,安碁,20260522,46.75,7999,49.50,5.8824,30-50
2026-05-25,6182,合晶,20260522,69.90,28912,75.90,8.5837,70-100
2026-05-25,6265,方土昶,20260522,48.10,16958,50.90,5.8212,50-70
2026-05-25,6695,芯鼎,20260522,56.60,7404.023,62.20,9.8940,50-70
2026-05-25,8182,加高,20260522,41.35,5540,45.45,9.9154,30-50
2026-05-25,8289,泰藝,20260522,66.80,9437,71.20,6.5868,70-100
2026-05-26,1809,中釉,20260525,45.65,5416.039,46.90,2.7382,30-50
2026-05-26,2002,中鋼,20260525,19.95,209932.398,21.00,5.2632,<30
2026-05-26,2014,中鴻,20260525,18.85,27164.241,19.30,2.3873,<30
2026-05-26,2302,麗正,20260525,30.90,9364.396,30.95,0.1618,30-50
2026-05-26,2312,金寶,20260525,36.40,66663.284,40.00,9.8901,30-50
2026-05-26,2324,仁寶,20260525,34.65,279874.397,35.95,3.7518,30-50
2026-05-26,2349,錸德,20260525,14.30,17477.489,14.55,1.7483,<30
2026-05-26,2353,宏碁,20260525,32.50,95589.396,34.25,5.3846,30-50
2026-05-26,2356,英業達,20260525,65.40,135283.743,69.00,5.5046,50-70
2026-05-26,2409,友達,20260525,24.40,82302.936,25.50,4.5082,<30
2026-05-26,2484,希華,20260525,54.20,41229.853,54.70,0.9225,50-70
2026-05-26,2489,瑞軒,20260525,56.50,6706.56,57.50,1.7699,50-70
2026-05-26,3149,正達,20260525,65.00,41465.191,65.00,0.0000,50-70
2026-05-26,3317,尼克森,20260525,83.70,11166,84.20,0.5974,70-100
2026-05-26,3481,群創,20260525,49.10,68442.854,52.00,5.9063,50-70
2026-05-26,3537,堡達,20260525,76.70,11445,76.10,-0.7823,70-100
2026-05-26,3615,安可,20260525,52.30,17838,52.30,0.0000,50-70
2026-05-26,4906,正文,20260525,44.30,47391.433,44.45,0.3386,30-50
2026-05-26,4927,泰鼎-KY,20260525,61.90,24148.123,63.90,3.2310,50-70
2026-05-26,6116,彩晶,20260525,13.00,43724.582,14.30,10.0000,<30
2026-05-26,6125,廣運,20260525,65.40,8013,68.50,4.7401,50-70
2026-05-26,6182,合晶,20260525,76.80,12422,84.40,9.8958,70-100
2026-05-26,6265,方土昶,20260525,52.90,19517,53.40,0.9452,50-70
2026-05-26,6282,康舒,20260525,63.10,83984.619,63.60,0.7924,50-70
2026-05-26,8121,越峰,20260525,43.50,7425,43.50,0.0000,30-50
2026-05-26,8182,加高,20260525,45.45,5240,45.45,0.0000,30-50
2026-05-27,2061,風青,20260526,32.20,8034,31.55,-2.0186,30-50
2026-05-27,2070,精湛,20260526,75.40,6620,79.00,4.7745,70-100
2026-05-27,2302,麗正,20260526,33.95,18505.491,36.00,6.0383,30-50
2026-05-27,2312,金寶,20260526,40.00,210267.926,38.85,-2.8750,30-50
2026-05-27,2369,菱生,20260526,37.70,58300.95,38.85,3.0504,30-50
2026-05-27,3673,TPK-KY,20260526,87.40,26030.149,91.30,4.4622,70-100
2026-05-27,4526,東台,20260526,44.35,27008.283,45.80,3.2694,30-50
2026-05-27,5285,界霖,20260526,89.60,10380.797,92.60,3.3482,70-100
2026-05-27,6127,九豪,20260526,57.20,24323,62.50,9.2657,50-70
2026-05-27,6141,柏承,20260526,35.75,5123.644,39.25,9.7902,30-50
2026-05-27,6161,捷波,20260526,65.00,5595,63.80,-1.8462,50-70
2026-05-27,6182,合晶,20260526,84.40,22082,85.40,1.1848,70-100
2026-05-27,6234,高僑,20260526,55.30,6731,59.60,7.7758,50-70
2026-05-27,6405,悅城,20260526,75.90,7479.993,83.30,9.7497,70-100
2026-05-27,6456,GIS-KY,20260526,82.00,23937.751,80.70,-1.5854,70-100
2026-05-27,6548,長科*,20260526,60.30,23726,60.80,0.8292,50-70
2026-05-27,6821,聯寶,20260526,69.40,6234,72.50,4.4669,70-100
2026-05-27,8110,華東,20260526,55.10,43681.777,60.00,8.8929,50-70
2026-05-27,8249,菱光,20260526,58.30,9046.165,58.80,0.8576,50-70
2026-05-27,8926,台汽電,20260526,68.70,18031.005,69.00,0.4367,50-70
2026-05-28,5864,致和證,20260527,38.60,12955,38.95,0.9067,30-50
2026-05-28,6015,宏遠證,20260527,17.95,15362,18.30,1.9499,<30
2026-05-28,6016,康和證,20260527,26.70,25479,27.85,4.3071,<30
2026-05-29,8289,泰藝,20260528,75.70,13492,76.00,0.3963,70-100
2026-06-01,4939,亞電,20260529,50.50,31020,55.00,8.9109,50-70
2026-06-01,5328,華容,20260529,39.60,29821,41.70,5.3030,30-50
2026-06-01,5392,能率,20260529,44.55,12327,46.40,4.1526,30-50
2026-06-01,6016,康和證,20260529,29.60,20847,29.80,0.6757,<30
2026-06-01,6127,九豪,20260529,67.30,37906,74.00,9.9554,70-100
2026-06-01,6134,萬旭,20260529,36.20,7800,39.75,9.8066,30-50
2026-06-01,7777,能率亞洲,20260529,41.65,9921,45.75,9.8439,30-50
2026-06-02,1409,新纖,20260601,25.05,8617.355,27.55,9.9800,<30
2026-06-02,1528,恩德,20260601,27.35,10355.643,29.90,9.3236,<30
2026-06-02,1718,中纖,20260601,7.28,17991.254,8.00,9.8901,<30
2026-06-02,1809,中釉,20260601,47.90,13633.772,49.90,4.1754,30-50
2026-06-02,2324,仁寶,20260601,40.35,113043.36,44.30,9.7893,30-50
2026-06-02,2328,廣宇,20260601,61.00,26828.228,64.40,5.5738,50-70
2026-06-02,2331,精英,20260601,24.40,7498.574,26.00,6.5574,<30
2026-06-02,2353,宏碁,20260601,38.70,27395.638,42.55,9.9483,30-50
2026-06-02,2356,英業達,20260601,77.20,241053.678,77.00,-0.2591,70-100
2026-06-02,2417,圓剛,20260601,53.90,13058.097,54.20,0.5566,50-70
2026-06-02,2497,怡利電,20260601,65.60,5008.585,64.30,-1.9817,50-70
2026-06-02,2601,益航,20260601,5.76,5897.093,6.33,9.8958,<30
2026-06-02,2605,新興,20260601,33.20,16558.677,33.20,0.0000,30-50
2026-06-02,3011,今皓,20260601,14.50,7269.545,14.95,3.1034,<30
2026-06-02,3149,正達,20260601,78.30,7001.43,86.10,9.9617,70-100
2026-06-02,3312,弘憶股,20260601,55.10,6614.04,60.60,9.9819,50-70
2026-06-02,3481,群創,20260601,56.10,478118.322,58.00,3.3868,50-70
2026-06-02,4526,東台,20260601,42.80,15995.561,44.50,3.9720,30-50
2026-06-02,4540,全球傳動,20260601,75.40,18060.802,80.00,6.1008,70-100
2026-06-02,4707,磐亞,20260601,17.90,5446,19.65,9.7765,<30
2026-06-02,5309,系統電,20260601,75.90,17253,81.00,6.7194,70-100
2026-06-02,6116,彩晶,20260601,18.80,58323.262,20.65,9.8404,<30
2026-06-02,6125,廣運,20260601,73.30,8260,75.00,2.3192,70-100
2026-06-02,6127,九豪,20260601,74.00,9315,78.00,5.4054,70-100
2026-06-02,6155,鈞寶,20260601,69.00,20681.711,69.00,0.0000,50-70
2026-06-02,6282,康舒,20260601,65.80,103122.372,65.50,-0.4559,50-70
2026-06-02,6548,長科*,20260601,75.00,12100,77.50,3.3333,70-100
2026-06-02,6806,森崴能源,20260601,7.38,5942.115,8.11,9.8916,<30
2026-06-02,8071,能率網通,20260601,23.40,5242,24.30,3.8462,<30
2026-06-02,8105,凌巨,20260601,19.30,20015.423,19.80,2.5907,<30
2026-06-02,8215,明基材,20260601,32.35,18534.621,32.50,0.4637,30-50
2026-06-02,8473,山林水,20260601,55.40,6381.007,55.70,0.5415,50-70
2026-06-03,1312,國喬,20260602,13.25,11632.791,14.55,9.8113,<30
2026-06-03,1409,新纖,20260602,27.55,25800.849,30.30,9.9819,30-50
2026-06-03,1440,南紡,20260602,14.20,18715.974,15.00,5.6338,<30
2026-06-03,1528,恩德,20260602,30.05,14185.025,32.70,8.8186,30-50
2026-06-03,1718,中纖,20260602,8.00,48985.486,8.80,10.0000,<30
2026-06-03,1809,中釉,20260602,52.60,7761.848,57.80,9.8859,50-70
2026-06-03,2323,中環,20260602,11.60,33225.059,12.05,3.8793,<30
2026-06-03,2324,仁寶,20260602,44.35,177995.051,45.00,1.4656,30-50
2026-06-03,2353,宏碁,20260602,42.55,217599.445,44.00,3.4078,30-50
2026-06-03,2362,藍天,20260602,51.90,12900.38,52.10,0.3854,50-70
2026-06-03,2405,輔信,20260602,20.20,33872.396,20.80,2.9703,<30
2026-06-03,2409,友達,20260602,26.15,720567.401,27.50,5.1625,<30
2026-06-03,2427,三商電,20260602,24.25,5407.854,24.70,1.8557,<30
2026-06-03,2498,宏達電,20260602,50.00,37219.368,51.50,3.0000,50-70
2026-06-03,2601,益航,20260602,6.33,6290.34,6.89,8.8468,<30
2026-06-03,3021,鴻名,20260602,36.40,7587.271,40.00,9.8901,30-50
2026-06-03,3047,訊舟,20260602,16.95,6126.437,17.50,3.2448,<30
2026-06-03,3048,益登,20260602,75.20,22576.086,76.00,1.0638,70-100
2026-06-03,3049,精金,20260602,14.40,32371.295,15.80,9.7222,<30
2026-06-03,3059,華晶科,20260602,51.00,14608.606,54.00,5.8824,50-70
2026-06-03,3060,銘異,20260602,32.60,15593.44,34.55,5.9816,30-50
2026-06-03,3149,正達,20260602,86.10,37607.811,89.70,4.1812,70-100
2026-06-03,3338,泰碩,20260602,88.70,6321.02,93.10,4.9605,70-100
2026-06-03,6116,彩晶,20260602,20.65,200560.076,21.55,4.3584,<30
2026-06-03,6127,九豪,20260602,81.40,54874,79.80,-1.9656,70-100
2026-06-03,6155,鈞寶,20260602,75.90,29741.511,75.50,-0.5270,70-100
2026-06-03,6205,詮欣,20260602,89.30,8792.071,89.00,-0.3359,70-100
2026-06-03,6265,方土昶,20260602,61.60,23290,62.30,1.1364,50-70
2026-06-03,6698,旭暉應材,20260602,43.45,7099.064,47.45,9.2060,30-50
2026-06-03,8070,長華*,20260602,58.00,29300.01,60.70,4.6552,50-70
2026-06-03,8088,品安,20260602,65.60,15650,65.00,-0.9146,50-70
2026-06-03,8105,凌巨,20260602,21.20,44124.975,21.20,0.0000,<30
2026-06-03,9910,豐泰,20260602,79.00,12399.534,79.00,0.0000,70-100
2026-06-04,1310,台苯,20260603,9.51,11532.97,9.56,0.5258,<30
2026-06-04,1312,國喬,20260603,14.55,18059.123,14.90,2.4055,<30
2026-06-04,1409,新纖,20260603,30.30,10278.195,29.95,-1.1551,<30
2026-06-04,1440,南紡,20260603,15.60,21199.239,15.80,1.2821,<30
2026-06-04,1444,力麗,20260603,7.48,10898.064,7.83,4.6791,<30
2026-06-04,1447,力鵬,20260603,6.97,8872.639,7.26,4.1607,<30
2026-06-04,1504,東元,20260603,83.00,95894.007,83.50,0.6024,70-100
2026-06-04,1608,華榮,20260603,39.40,32966.035,38.60,-2.0305,30-50
2026-06-04,1609,大亞,20260603,42.15,31492.189,43.60,3.4401,30-50
2026-06-04,1708,東鹼,20260603,43.35,20426.879,45.80,5.6517,30-50
2026-06-04,1710,東聯,20260603,16.00,34746.235,15.90,-0.6250,<30
2026-06-04,1714,和桐,20260603,11.00,48728.192,11.90,8.1818,<30
2026-06-04,1718,中纖,20260603,8.80,18134.403,9.68,10.0000,<30
2026-06-04,2009,第一銅,20260603,45.20,15999.181,45.20,0.0000,30-50
2026-06-04,2323,中環,20260603,12.75,72297.25,12.65,-0.7843,<30
2026-06-04,2342,茂矽,20260603,44.65,15954.646,43.30,-3.0235,30-50
2026-06-04,2349,錸德,20260603,16.15,36103.708,16.00,-0.9288,<30
2026-06-04,2352,佳世達,20260603,34.65,12684.313,35.50,2.4531,30-50
2026-06-04,2390,云辰,20260603,12.85,6834.932,13.40,4.2802,<30
2026-06-04,2409,友達,20260603,28.75,706729.442,28.40,-1.2174,<30
2026-06-04,2457,飛宏,20260603,29.15,8259.703,32.00,9.7770,30-50
2026-06-04,2855,統一證,20260603,54.30,16512.897,55.10,1.4733,50-70
2026-06-04,2883,凱基金,20260603,25.70,121759.78,26.90,4.6693,<30
2026-06-04,2891,中信金,20260603,70.50,84076.949,68.00,-3.5461,50-70
2026-06-04,3049,精金,20260603,15.80,55988.858,16.15,2.2152,<30
2026-06-04,5864,致和證,20260603,49.90,17605,49.50,-0.8016,30-50
2026-06-04,6015,宏遠證,20260603,22.90,9981,22.85,-0.2183,<30
2026-06-04,6016,康和證,20260603,35.75,39241,35.90,0.4196,30-50
2026-06-04,6116,彩晶,20260603,22.70,108791.284,21.60,-4.8458,<30
2026-06-04,6126,信音,20260603,42.65,15599,42.20,-1.0551,30-50
2026-06-04,6163,華電網,20260603,57.40,7695,56.80,-1.0453,50-70
2026-06-04,6456,GIS-KY,20260603,91.10,7647.761,91.50,0.4391,70-100
2026-06-04,6548,長科*,20260603,89.20,26448,89.20,0.0000,70-100
2026-06-04,8076,伍豐,20260603,27.40,6520,29.30,6.9343,<30
2026-06-04,8104,錸寶,20260603,44.60,11336.115,46.10,3.3632,30-50
2026-06-05,1611,中電,20260604,15.00,11258.523,15.00,0.0000,<30
2026-06-05,1708,東鹼,20260604,47.65,33865.625,47.00,-1.3641,30-50
2026-06-05,1714,和桐,20260604,12.10,39115.552,12.10,0.0000,<30
2026-06-05,1718,中纖,20260604,9.68,33368.748,9.89,2.1694,<30
2026-06-05,1904,正隆,20260604,22.30,27597.138,21.90,-1.7937,<30
2026-06-05,1905,華紙,20260604,14.00,41543.307,13.40,-4.2857,<30
2026-06-05,2457,飛宏,20260604,32.05,7740.982,31.25,-2.4961,30-50
2026-06-05,3015,全漢,20260604,62.70,11744.567,65.00,3.6683,50-70
2026-06-05,3027,盛達,20260604,24.25,7149.27,24.20,-0.2062,<30
2026-06-05,3093,港建*,20260604,61.70,6136,61.50,-0.3241,50-70
2026-06-05,3312,弘憶股,20260604,73.20,12490.398,72.10,-1.5027,70-100
2026-06-05,3550,聯穎,20260604,23.95,10932.785,24.10,0.6263,<30
2026-06-05,4534,慶騰,20260604,31.65,5220,34.20,8.0569,30-50
2026-06-05,4720,德淵,20260604,29.70,9847.045,29.10,-2.0202,<30
2026-06-05,6282,康舒,20260604,70.80,123061.862,68.70,-2.9661,50-70
2026-06-05,6548,長科*,20260604,98.10,11805,96.90,-1.2232,70-100
2026-06-05,8936,國統,20260604,60.10,21385,59.50,-0.9983,50-70
2026-06-05,9934,成霖,20260604,11.25,10289.031,11.25,0.0000,<30
2026-06-08,1810,和成,20260605,22.60,23846.581,20.35,-9.9558,<30
2026-06-08,2461,光群雷,20260605,19.50,9408.753,17.60,-9.7436,<30
2026-06-08,2483,百容,20260605,30.45,10502.94,27.45,-9.8522,<30
2026-06-08,3015,全漢,20260605,68.90,23541.119,62.10,-9.8694,50-70
2026-06-08,3114,好德,20260605,44.65,7049,40.25,-9.8544,30-50
2026-06-08,3441,聯一光,20260605,60.20,8910,54.20,-9.9668,50-70
2026-06-08,3537,堡達,20260605,83.60,8452,75.30,-9.9282,70-100
2026-06-08,4939,亞電,20260605,59.70,17918,55.00,-7.8727,50-70
2026-06-08,5426,振發,20260605,29.95,11300,27.50,-8.1803,<30
2026-06-08,5701,劍湖山,20260605,6.43,8494,6.50,1.0886,<30
2026-06-08,6155,鈞寶,20260605,79.30,16373.795,72.30,-8.8272,70-100
2026-06-08,6175,立敦,20260605,96.60,15356,87.00,-9.9379,70-100
2026-06-08,6270,倍微,20260605,32.60,6215,32.75,0.4601,30-50
2026-06-08,6284,佳邦,20260605,111.00,10606,99.90,-10.0000,70-100
2026-06-08,6763,綠界科技*,20260605,50.40,6716,49.80,-1.1905,30-50
2026-06-09,1449,佳和,20260608,14.90,6598.58,16.35,9.7315,<30
2026-06-09,1714,和桐,20260608,12.65,19134.628,13.90,9.8814,<30
2026-06-09,2241,艾姆勒,20260608,38.90,9187.112,39.10,0.5141,30-50
2026-06-09,2468,華經,20260608,44.95,10941.627,44.95,0.0000,30-50
2026-06-09,2483,百容,20260608,33.45,10875.945,36.75,9.8655,30-50
2026-06-09,3520,華盈,20260608,18.75,8651,18.75,0.0000,<30
2026-06-09,4939,亞電,20260608,65.60,37418,66.00,0.6098,50-70
2026-06-09,5202,力新,20260608,17.30,5484,17.15,-0.8671,<30
2026-06-09,5381,光譜,20260608,34.00,11902,35.00,2.9412,30-50
2026-06-09,5426,振發,20260608,32.90,25476,34.00,3.3435,30-50
2026-06-09,6148,驊宏資,20260608,38.50,7530,38.55,0.1299,30-50
2026-06-09,6153,嘉聯益,20260608,20.35,23126.322,21.00,3.1941,<30
2026-06-09,6270,倍微,20260608,35.85,7817,39.40,9.9024,30-50
2026-06-09,6901,鑽石投資,20260608,15.70,7754.472,15.85,0.9554,<30
2026-06-10,1714,和桐,20260609,13.90,14826.814,14.25,2.5180,<30
2026-06-10,2426,鼎元,20260609,68.20,13213.577,67.20,-1.4663,50-70
2026-06-10,2457,飛宏,20260609,31.05,12422.049,30.05,-3.2206,30-50
2026-06-10,2484,希華,20260609,60.80,60913.824,60.60,-0.3289,50-70
2026-06-10,3022,威強電,20260609,86.90,10943.28,86.90,0.0000,70-100
2026-06-10,3221,台嘉碩,20260609,63.90,28372,63.40,-0.7825,50-70
2026-06-10,3290,東浦,20260609,54.00,5099,54.10,0.1852,50-70
2026-06-10,3550,聯穎,20260609,25.90,11675.585,28.20,8.8803,<30
2026-06-10,3576,聯合再生,20260609,17.25,13017.43,17.30,0.2899,<30
2026-06-10,4534,慶騰,20260609,35.00,5107,34.95,-0.1429,30-50
2026-06-10,5328,華容,20260609,42.75,43944,42.15,-1.4035,30-50
2026-06-10,6127,九豪,20260609,83.80,80321,83.20,-0.7160,70-100
2026-06-10,6174,安碁,20260609,48.95,5496,48.80,-0.3064,30-50
2026-06-10,6209,今國光,20260609,88.00,22080.043,88.00,0.0000,70-100
2026-06-10,6244,茂迪,20260609,28.40,7272,28.10,-1.0563,<30
2026-06-10,8105,凌巨,20260609,21.65,37275.53,20.80,-3.9261,<30
2026-06-10,8131,福懋科,20260609,70.10,5205.807,68.00,-2.9957,50-70
2026-06-10,8150,南茂,20260609,95.90,59758.112,92.80,-3.2325,70-100
2026-06-10,8163,達方,20260609,42.90,7325.173,42.95,0.1166,30-50
2026-06-10,8182,加高,20260609,50.80,7892,51.80,1.9685,50-70
2026-06-10,8422,可寧衛*,20260609,29.60,23215.533,31.50,6.4189,30-50
2026-06-10,8926,台汽電,20260609,73.50,19260.676,73.50,0.0000,70-100
2026-06-10,9910,豐泰,20260609,86.30,9599.573,86.30,0.0000,70-100
2026-06-11,2348,海悅,20260610,78.10,5909.182,76.60,-1.9206,70-100
2026-06-11,2413,環科,20260610,59.60,21280.9,61.00,2.3490,50-70
2026-06-11,2501,國建,20260610,26.60,21728.841,26.65,0.1880,<30
2026-06-11,2520,冠德,20260610,35.60,9908.759,35.20,-1.1236,30-50
2026-06-11,2537,聯上發,20260610,11.10,9551.631,11.30,1.8018,<30
2026-06-11,3550,聯穎,20260610,28.45,19668.746,30.00,5.4482,30-50
2026-06-11,5521,工信,20260610,11.25,10164.062,11.50,2.2222,<30
2026-06-11,6244,茂迪,20260610,31.20,20209,29.80,-4.4872,<30
2026-06-12,1714,和桐,20260611,14.40,98457.282,14.95,3.8194,<30
2026-06-12,2355,敬鵬,20260611,58.70,28290.063,62.80,6.9847,50-70
2026-06-12,2406,國碩,20260611,39.40,67627.939,42.20,7.1066,30-50
2026-06-12,2483,百容,20260611,34.65,5780.64,37.00,6.7821,30-50
2026-06-12,3236,千如,20260611,57.50,19435,61.90,7.6522,50-70
2026-06-12,3290,東浦,20260611,63.60,7049,63.60,0.0000,50-70
2026-06-12,3441,聯一光,20260611,71.50,21788,72.00,0.6993,70-100
2026-06-12,5410,國眾,20260611,44.15,6453,45.25,2.4915,30-50
2026-06-12,5498,凱崴,20260611,66.70,11634,68.00,1.9490,50-70
2026-06-12,6155,鈞寶,20260611,84.10,27732.952,88.60,5.3508,70-100
2026-06-12,6174,安碁,20260611,51.70,8215,54.70,5.8027,50-70
2026-06-12,8071,能率網通,20260611,24.95,9558,26.05,4.4088,<30
2026-06-12,8182,加高,20260611,54.50,16086,56.50,3.6697,50-70
2026-06-15,1605,華新,20260612,37.70,56774.874,39.05,3.5809,30-50
2026-06-15,2305,全友,20260612,25.10,9609.252,27.60,9.9602,<30
2026-06-15,2402,毅嘉,20260612,66.60,9410.428,67.60,1.5015,50-70
2026-06-15,2484,希華,20260612,66.70,55392.354,68.10,2.0990,50-70
2026-06-15,3236,千如,20260612,63.20,6601,64.80,2.5316,50-70
2026-06-15,3576,聯合再生,20260612,19.80,74459.884,21.75,9.8485,<30
2026-06-15,4939,亞電,20260612,66.20,12877,68.60,3.6254,50-70
2026-06-15,6116,彩晶,20260612,15.60,21523.29,16.20,3.8462,<30
2026-06-15,6182,合晶,20260612,88.90,8938,94.20,5.9618,70-100
2026-06-15,6202,盛群,20260612,59.40,9433.718,59.40,0.0000,50-70
2026-06-15,6269,台郡,20260612,72.30,8194.271,71.50,-1.1065,70-100
2026-06-15,6834,天二科技,20260612,84.10,12970.294,89.10,5.9453,70-100
2026-06-15,8105,凌巨,20260612,22.45,41332.909,22.80,1.5590,<30
2026-06-16,1714,和桐,20260615,16.70,50826.789,17.40,4.1916,<30
2026-06-16,2338,光罩,20260615,53.90,10150,56.00,3.8961,50-70
2026-06-16,2401,凌陽,20260615,31.45,29213.733,32.00,1.7488,30-50
2026-06-16,2426,鼎元,20260615,74.80,9141.905,79.60,6.4171,70-100
2026-06-16,2484,希華,20260615,73.30,85449.521,74.00,0.9550,70-100
2026-06-16,3041,揚智,20260615,27.00,5633.383,28.00,3.7037,<30
2026-06-16,3236,千如,20260615,69.50,38786,72.00,3.5971,70-100
2026-06-16,5328,華容,20260615,46.55,26206,49.80,6.9817,30-50
2026-06-16,5457,宣德,20260615,39.10,5546,39.10,0.0000,30-50
2026-06-16,6153,嘉聯益,20260615,24.45,21570.176,25.00,2.2495,<30
2026-06-16,6155,鈞寶,20260615,90.20,18777.21,92.50,2.5499,70-100
2026-06-16,8071,能率網通,20260615,26.95,5038,28.70,6.4935,<30
2026-06-16,8121,越峰,20260615,48.80,6864,48.80,0.0000,30-50
2026-06-17,1905,華紙,20260616,14.15,14957.118,15.55,9.8940,<30
2026-06-17,2302,麗正,20260616,41.80,12202.574,41.15,-1.5550,30-50
2026-06-17,2342,茂矽,20260616,48.05,15338.141,48.80,1.5609,30-50
2026-06-17,2399,映泰,20260616,52.80,14018.12,54.00,2.2727,50-70
2026-06-17,3339,泰谷,20260616,49.50,6777,50.00,1.0101,50-70
2026-06-17,3441,聯一光,20260616,81.00,13229,83.80,3.4568,70-100
2026-06-17,3550,聯穎,20260616,30.85,10939.707,32.95,6.8071,30-50
2026-06-17,3630,新鉅科,20260616,33.55,8867,33.90,1.0432,30-50
2026-06-17,4976,佳凌,20260616,38.05,6809.301,38.05,0.0000,30-50
2026-06-17,5302,太欣,20260616,12.70,6623,13.15,3.5433,<30
2026-06-17,5328,華容,20260616,51.20,37159,53.00,3.5156,50-70
2026-06-17,6209,今國光,20260616,95.30,49724.537,95.50,0.2099,70-100
2026-06-17,6517,保勝光學,20260616,76.60,6186,76.00,-0.7833,70-100
2026-06-17,7777,能率亞洲,20260616,43.25,13087,43.10,-0.3468,30-50
2026-06-17,8071,能率網通,20260616,29.60,9716,29.60,0.0000,<30
2026-06-18,1727,中華化,20260617,93.90,8393.954,95.60,1.8104,70-100
2026-06-18,1905,華紙,20260617,15.55,37075.531,15.95,2.5723,<30
2026-06-18,2061,風青,20260617,48.05,6124,50.00,4.0583,50-70
2026-06-18,2332,友訊,20260617,18.25,35055.219,19.50,6.8493,<30
2026-06-18,2388,威盛,20260617,75.20,9326.444,76.30,1.4628,70-100
2026-06-18,2409,友達,20260617,26.25,559042.864,27.45,4.5714,<30
2026-06-18,3041,揚智,20260617,29.00,5313.504,29.00,0.0000,<30
2026-06-18,3047,訊舟,20260617,16.90,5800.135,17.00,0.5917,<30
2026-06-18,3060,銘異,20260617,37.25,12454.369,37.75,1.3423,30-50
2026-06-18,3312,弘憶股,20260617,61.60,5643.787,61.20,-0.6494,50-70
2026-06-18,3441,聯一光,20260617,89.10,8845,89.00,-0.1122,70-100
2026-06-18,3481,群創,20260617,58.60,239833.027,62.00,5.8020,50-70
2026-06-18,3673,TPK-KY,20260617,86.60,32111.416,88.50,2.1940,70-100
2026-06-18,6116,彩晶,20260617,18.25,31780.126,19.40,6.3014,<30
2026-06-18,6742,澤米,20260617,67.50,7843.952,68.10,0.8889,50-70
2026-06-18,8215,明基材,20260617,32.05,10968.345,32.05,0.0000,30-50
2026-06-22,1563,巧新,20260618,67.70,6707.844,69.40,2.5111,50-70
2026-06-22,1708,東鹼,20260618,50.30,21194.533,53.80,6.9583,50-70
2026-06-22,1905,華紙,20260618,17.10,44217.266,18.80,9.9415,<30
2026-06-22,2061,風青,20260618,52.80,6580,55.70,5.4924,50-70
2026-06-22,2241,艾姆勒,20260618,50.60,8362.429,54.10,6.9170,50-70
2026-06-22,2305,全友,20260618,33.65,9123.312,37.00,9.9554,30-50
2026-06-22,2332,友訊,20260618,20.05,16857.466,20.80,3.7406,<30
2026-06-22,2342,茂矽,20260618,55.20,29235.308,57.10,3.4420,50-70
2026-06-22,2426,鼎元,20260618,81.80,39099.178,85.00,3.9120,70-100
2026-06-22,2483,百容,20260618,39.65,8963.992,42.50,7.1879,30-50
2026-06-22,3317,尼克森,20260618,88.30,11307,95.00,7.5878,70-100
2026-06-22,3481,群創,20260618,64.40,861089.224,69.40,7.7640,50-70
2026-06-22,3537,堡達,20260618,89.60,12231,90.30,0.7812,70-100
2026-06-22,5328,華容,20260618,56.50,42917,58.40,3.3628,50-70
2026-06-22,6155,鈞寶,20260618,98.50,22494.851,99.00,0.5076,70-100
2026-06-22,6432,今展科,20260618,86.90,6856,85.50,-1.6110,70-100
2026-06-23,1310,台苯,20260622,10.15,19401.898,10.10,-0.4926,<30
2026-06-23,1409,新纖,20260622,28.15,36341.896,28.50,1.2433,<30
2026-06-23,1721,三晃,20260622,26.15,5316.165,26.65,1.9120,<30
2026-06-23,1809,中釉,20260622,56.50,16413.912,57.50,1.7699,50-70
2026-06-23,2305,全友,20260622,37.00,16289.442,36.90,-0.2703,30-50
2026-06-23,2363,矽統,20260622,69.10,14903.173,70.80,2.4602,70-100
2026-06-23,2369,菱生,20260622,40.50,50186.512,41.25,1.8519,30-50
2026-06-23,2409,友達,20260622,30.95,297702.512,31.10,0.4847,30-50
2026-06-23,2426,鼎元,20260622,89.90,37157.368,98.70,9.7887,70-100
2026-06-23,2483,百容,20260622,43.60,7548.022,42.00,-3.6697,30-50
2026-06-23,3028,增你強,20260622,82.50,7139.869,85.00,3.0303,70-100
2026-06-23,3041,揚智,20260622,30.95,7407.056,32.00,3.3926,30-50
2026-06-23,3060,銘異,20260622,41.65,21692.248,42.05,0.9604,30-50
2026-06-23,3317,尼克森,20260622,97.10,8283,98.50,1.4418,70-100
2026-06-23,3615,安可,20260622,60.90,5407,65.10,6.8966,50-70
2026-06-23,3707,漢磊,20260622,91.50,28965,94.00,2.7322,70-100
2026-06-23,4526,東台,20260622,43.05,14580.133,43.80,1.7422,30-50
2026-06-23,4989,榮科,20260622,94.00,11160.142,96.30,2.4468,70-100
2026-06-23,6168,宏齊,20260622,31.10,18103.075,31.40,0.9646,30-50
2026-06-23,6202,盛群,20260622,73.70,6668.63,80.90,9.7693,70-100
2026-06-23,6269,台郡,20260622,87.50,16775.499,91.80,4.9143,70-100
2026-06-23,6282,康舒,20260622,63.90,56918.124,64.00,0.1565,50-70
2026-06-23,6548,長科*,20260622,94.70,6908,98.00,3.4847,70-100
2026-06-23,6770,力積電,20260622,81.60,133236.652,82.80,1.4706,70-100
2026-06-24,2369,菱生,20260623,44.55,83496.234,43.65,-2.0202,30-50
2026-06-24,3230,錦明,20260623,34.45,6068,33.90,-1.5965,30-50
2026-06-24,3257,虹冠電,20260623,73.90,9788.891,71.10,-3.7889,70-100
2026-06-24,3707,漢磊,20260623,100.50,45967,95.50,-4.9751,70-100
2026-06-24,6168,宏齊,20260623,34.20,20858.071,33.50,-2.0468,30-50
2026-06-25,1301,台塑,20260624,54.50,79265.972,55.00,0.9174,50-70
2026-06-25,2302,麗正,20260624,50.20,11081.056,53.40,6.3745,50-70
2026-06-25,2312,金寶,20260624,38.00,152064.892,38.50,1.3158,30-50
2026-06-25,2460,建通,20260624,40.45,7757.539,41.40,2.3486,30-50
2026-06-25,2483,百容,20260624,46.10,11990.254,49.30,6.9414,30-50
2026-06-25,2484,希華,20260624,69.30,27494.715,70.00,1.0101,70-100
2026-06-25,3094,聯傑,20260624,45.25,14669.75,46.00,1.6575,30-50
2026-06-25,3360,尚立,20260624,19.70,5402,21.65,9.8985,<30
2026-06-25,5011,久陽,20260624,24.85,6595,25.90,4.2254,<30
2026-06-25,5328,華容,20260624,58.10,28193,59.90,3.0981,50-70
2026-06-25,6226,光鼎,20260624,15.10,5224.592,16.60,9.9338,<30
2026-06-25,6243,迅杰,20260624,45.65,8694.604,45.65,0.0000,30-50
2026-06-25,6695,芯鼎,20260624,68.90,12353.029,68.60,-0.4354,50-70
2026-06-25,8105,凌巨,20260624,23.50,36347.839,23.80,1.2766,<30
2026-06-25,8234,新漢,20260624,70.70,5593,70.80,0.1414,70-100
2026-06-26,1718,中纖,20260625,10.15,54273.393,10.35,1.9704,<30
2026-06-26,2363,矽統,20260625,76.10,74310.774,74.00,-2.7595,70-100
2026-06-26,2425,承啟,20260625,42.35,6492.729,42.75,0.9445,30-50
2026-06-26,3114,好德,20260625,57.70,5386,58.20,0.8666,50-70
2026-06-26,3236,千如,20260625,70.10,21461,68.20,-2.7104,50-70
2026-06-26,4707,磐亞,20260625,25.50,10294,26.00,1.9608,<30
2026-06-26,4716,大立,20260625,24.20,5317,24.80,2.4793,<30
2026-06-26,5328,華容,20260625,63.90,30203,64.50,0.9390,50-70
2026-06-26,6127,九豪,20260625,93.60,11255,91.00,-2.7778,70-100
2026-06-26,6226,光鼎,20260625,16.60,5127.705,17.00,2.4096,<30
2026-06-26,6270,倍微,20260625,42.50,5834,44.45,4.5882,30-50
2026-06-26,6901,鑽石投資,20260625,18.95,6532.285,19.70,3.9578,<30
2026-06-26,8071,能率網通,20260625,30.80,12411,32.45,5.3571,30-50
2026-06-26,8110,華東,20260625,63.20,58008.481,63.60,0.6329,50-70
2026-06-29,1718,中纖,20260626,11.15,153432.821,11.85,6.2780,<30
2026-06-29,2483,百容,20260626,55.70,23668.367,55.70,0.0000,50-70
2026-06-29,2484,希華,20260626,76.80,60315.978,76.80,0.0000,70-100
2026-06-29,5230,雷笛克光學,20260626,24.00,7620,25.00,4.1667,<30
2026-06-29,5328,華容,20260626,70.20,45561,71.20,1.4245,70-100
2026-06-29,6226,光鼎,20260626,18.25,48788.96,19.35,6.0274,<30
2026-06-29,8182,加高,20260626,53.60,10208,54.60,1.8657,50-70
2026-06-30,1444,力麗,20260629,8.15,13365.937,8.65,6.1350,<30
2026-06-30,1718,中纖,20260629,12.25,33754.509,12.95,5.7143,<30
2026-06-30,2406,國碩,20260629,38.00,21077.784,41.15,8.2895,30-50
2026-06-30,2906,高林,20260629,15.60,5362.833,15.95,2.2436,<30
2026-06-30,3717,聯嘉投控,20260629,25.95,20834.636,25.95,0.0000,<30
2026-06-30,4532,瑞智,20260629,26.15,7054.828,27.35,4.5889,<30
2026-06-30,4707,磐亞,20260629,30.30,19618,30.30,0.0000,30-50
2026-06-30,4763,材料*-KY,20260629,47.85,14723.967,49.00,2.4033,30-50
2026-06-30,5314,世紀*,20260629,60.80,6167,63.50,4.4408,50-70
2026-06-30,5371,中光電,20260629,79.00,15551,82.20,4.0506,70-100
2026-06-30,6226,光鼎,20260629,20.05,28664.751,22.00,9.7257,<30
2026-07-01,1444,力麗,20260630,8.96,16896.428,9.45,5.4688,<30
2026-07-01,1710,東聯,20260630,16.75,47970.615,18.00,7.4627,<30
2026-07-01,1718,中纖,20260630,13.45,92049.285,14.35,6.6914,<30
2026-07-01,1802,台玻,20260630,74.80,137333.43,76.30,2.0053,70-100
2026-07-01,2208,台船,20260630,19.30,14662.514,20.10,4.1451,<30
2026-07-01,2352,佳世達,20260630,34.10,40778.248,34.10,0.0000,30-50
2026-07-01,2406,國碩,20260630,41.80,63974.957,45.00,7.6555,30-50
2026-07-01,2425,承啟,20260630,45.20,12102.707,46.00,1.7699,30-50
2026-07-01,2630,亞航,20260630,48.85,7685.028,50.00,2.3541,50-70
2026-07-01,3236,千如,20260630,68.90,8757,70.00,1.5965,70-100
2026-07-01,3360,尚立,20260630,22.70,14577,23.05,1.5419,<30
2026-07-01,3707,漢磊,20260630,86.90,16261,90.30,3.9125,70-100
2026-07-01,5314,世紀*,20260630,66.80,16637,67.60,1.1976,50-70
2026-07-01,5328,華容,20260630,71.10,29833,75.80,6.6104,70-100
2026-07-01,5371,中光電,20260630,86.90,42297,89.30,2.7618,70-100
2026-07-01,6127,九豪,20260630,92.90,10872,94.80,2.0452,70-100
2026-07-01,6226,光鼎,20260630,22.05,8951.894,24.25,9.9773,<30
2026-07-02,1447,力鵬,20260701,8.27,10173.212,8.50,2.7811,<30
2026-07-02,1515,力山,20260701,35.45,6035.906,37.00,4.3724,30-50
2026-07-02,1710,東聯,20260701,18.40,14836.295,18.40,0.0000,<30
2026-07-02,2466,冠西電,20260701,71.30,11367.84,72.30,1.4025,70-100
2026-07-02,2484,希華,20260701,79.80,16527.832,80.50,0.8772,70-100
2026-07-02,3221,台嘉碩,20260701,64.40,20132,63.00,-2.1739,50-70
2026-07-02,3605,宏致,20260701,85.60,14473.296,84.60,-1.1682,70-100
2026-07-02,5328,華容,20260701,78.20,25327,81.00,3.5806,70-100
2026-07-02,8182,加高,20260701,54.00,11571,53.30,-1.2963,50-70
2026-07-03,1301,台塑,20260702,59.70,112956.008,60.60,1.5075,50-70
2026-07-03,1326,台化,20260702,61.90,64670.626,63.00,1.7771,50-70
2026-07-03,1409,新纖,20260702,28.20,37366.627,28.20,0.0000,<30
2026-07-03,1447,力鵬,20260702,9.09,38683.419,9.95,9.4609,<30
2026-07-03,1515,力山,20260702,38.95,7489.521,39.00,0.1284,30-50
2026-07-03,1708,東鹼,20260702,57.00,18115.679,58.00,1.7544,50-70
2026-07-03,1718,中纖,20260702,13.60,63746.998,14.25,4.7794,<30
2026-07-03,2302,麗正,20260702,55.40,18216.154,56.40,1.8051,50-70
2026-07-03,2340,台亞,20260702,38.65,13108.516,39.00,0.9056,30-50
2026-07-03,2401,凌陽,20260702,34.30,19151.783,34.45,0.4373,30-50
2026-07-03,2484,希華,20260702,87.70,70000.147,93.90,7.0696,70-100
2026-07-03,3317,尼克森,20260702,97.30,9360,97.30,0.0000,70-100
2026-07-03,3346,麗清,20260702,29.30,5117.513,30.00,2.3891,30-50
2026-07-03,3550,聯穎,20260702,36.70,13098.609,36.40,-0.8174,30-50
2026-07-03,3673,TPK-KY,20260702,83.80,12382.845,83.60,-0.2387,70-100
2026-07-03,4533,協易機,20260702,31.20,5432,31.40,0.6410,30-50
2026-07-03,4707,磐亞,20260702,30.90,10764,32.50,5.1780,30-50
2026-07-03,4960,誠美材,20260702,27.05,6229.52,27.50,1.6636,<30
2026-07-03,4989,榮科,20260702,100.50,24009.502,99.60,-0.8955,70-100
2026-07-03,6133,金橋,20260702,26.25,8692.937,27.35,4.1905,<30
2026-07-03,6548,長科*,20260702,90.60,11344,90.60,0.0000,70-100
2026-07-06,1304,台聚,20260703,15.50,27511.662,15.80,1.9355,<30
2026-07-06,1308,亞聚,20260703,15.85,14799.638,16.80,5.9937,<30
2026-07-06,1309,台達化,20260703,16.70,21664.264,16.60,-0.5988,<30
2026-07-06,1310,台苯,20260703,11.40,25050.677,12.05,5.7018,<30
2026-07-06,1313,聯成,20260703,14.30,38850.531,14.50,1.3986,<30
2026-07-06,1314,中石化,20260703,9.88,294715.987,10.50,6.2753,<30
2026-07-06,1326,台化,20260703,68.00,97646.905,72.80,7.0588,70-100
2026-07-06,1409,新纖,20260703,31.00,79612.192,34.10,10.0000,30-50
2026-07-06,1447,力鵬,20260703,9.99,37908.67,10.75,7.6076,<30
2026-07-06,1714,和桐,20260703,22.75,16799.991,25.00,9.8901,<30
2026-07-06,1717,長興,20260703,81.60,60578.407,82.40,0.9804,70-100
2026-07-06,1718,中纖,20260703,14.95,148912.446,15.80,5.6856,<30
2026-07-06,1810,和成,20260703,23.25,20422.279,24.60,5.8065,<30
2026-07-06,2103,台橡,20260703,23.50,20839.602,25.50,8.5106,<30
2026-07-06,2208,台船,20260703,20.80,19252.042,22.35,7.4519,<30
2026-07-06,2332,友訊,20260703,20.00,30087.976,20.55,2.7500,<30
2026-07-06,2427,三商電,20260703,26.65,15242.152,26.85,0.7505,<30
2026-07-06,2484,希華,20260703,96.40,117755.286,98.10,1.7635,70-100
2026-07-06,2601,益航,20260703,6.00,5252.076,6.60,10.0000,<30
2026-07-06,2630,亞航,20260703,55.80,17354.212,55.00,-1.4337,50-70
2026-07-06,2634,漢翔,20260703,60.00,45980.427,63.40,5.6667,50-70
2026-07-06,3663,鑫科,20260703,88.40,10844,87.80,-0.6787,70-100
2026-07-06,4128,中天,20260703,17.15,8166,18.80,9.6210,<30
2026-07-06,4541,晟田,20260703,60.70,6332,63.80,5.1071,50-70
2026-07-06,4564,元翎,20260703,18.25,6177.982,19.25,5.4795,<30
2026-07-06,4743,合一,20260703,57.30,11230,60.90,6.2827,50-70
2026-07-06,5314,世紀*,20260703,71.50,28765,73.00,2.0979,70-100
2026-07-06,5371,中光電,20260703,93.10,39894,95.70,2.7927,70-100
2026-07-06,5488,松普,20260703,15.45,7017,15.40,-0.3236,<30
2026-07-06,6174,安碁,20260703,61.80,8858,64.10,3.7217,50-70
2026-07-06,8222,寶一,20260703,44.75,5995.813,45.25,1.1173,30-50
2026-07-07,1609,大亞,20260706,43.75,27412.935,43.90,0.3429,30-50
2026-07-07,1721,三晃,20260706,29.05,11243.263,27.65,-4.8193,<30
2026-07-07,1727,中華化,20260706,101.50,9999.039,100.00,-1.4778,70-100
2026-07-07,2352,佳世達,20260706,35.40,51699.569,36.10,1.9774,30-50
2026-07-07,2369,菱生,20260706,43.20,30482.826,44.00,1.8519,30-50
2026-07-07,2399,映泰,20260706,55.00,22982.433,55.00,0.0000,50-70
2026-07-07,2601,益航,20260706,6.60,5809.234,6.95,5.3030,<30
2026-07-07,3015,全漢,20260706,74.80,8397.671,74.00,-1.0695,70-100
2026-07-07,3066,李洲,20260706,29.15,5601,29.65,1.7153,<30
2026-07-07,3511,矽瑪,20260706,28.05,5724,29.30,4.4563,<30
2026-07-07,4541,晟田,20260706,66.70,13391,66.70,0.0000,50-70
2026-07-07,5351,鈺創,20260706,89.90,18947,91.50,1.7798,70-100
2026-07-07,8131,福懋科,20260706,82.20,22171.659,87.10,5.9611,70-100
2026-07-08,3046,建碁,20260707,58.40,5304.63,55.00,-5.8219,50-70
2026-07-08,6259,百徽,20260707,42.60,6858,42.60,0.0000,30-50
2026-07-09,2332,友訊,20260708,21.90,32491.515,24.05,9.8174,<30
2026-07-09,2601,益航,20260708,7.55,26882.744,7.80,3.3113,<30
2026-07-09,6901,鑽石投資,20260708,21.05,17031.772,22.20,5.4632,<30
2026-07-13,1536,和大,20260709,55.00,13866.421,55.40,0.7273,50-70
2026-07-13,2332,友訊,20260709,24.05,10403.386,24.85,3.3264,<30
2026-07-13,2465,麗臺,20260709,89.50,7339.7,91.50,2.2346,70-100
2026-07-13,5488,松普,20260709,16.20,7796,17.80,9.8765,<30
2026-07-14,1301,台塑,20260713,60.20,52147.05,61.50,2.1595,50-70
2026-07-14,1709,和益,20260713,26.80,18769.827,28.30,5.5970,<30
2026-07-14,1810,和成,20260713,26.20,25738.963,27.50,4.9618,<30
2026-07-14,2208,台船,20260713,21.70,25957.921,22.10,1.8433,<30
2026-07-14,2634,漢翔,20260713,63.80,64428.045,66.00,3.4483,50-70
2026-07-14,3704,合勤控,20260713,49.85,16834.669,50.30,0.9027,50-70
2026-07-14,4541,晟田,20260713,67.10,7017,68.30,1.7884,50-70
2026-07-14,5488,松普,20260713,17.80,10872,18.55,4.2135,<30
2026-07-14,8383,千附,20260713,76.60,10195,83.00,8.3551,70-100
2026-07-15,1810,和成,20260714,28.80,48839.829,29.20,1.3889,<30
2026-07-15,2630,亞航,20260714,62.30,41250.222,58.50,-6.0995,50-70
2026-07-15,8383,千附,20260714,84.20,9716,85.60,1.6627,70-100
2026-07-16,1444,力麗,20260715,8.87,6368.468,8.78,-1.0147,<30
2026-07-16,3033,威健,20260715,55.60,37719.657,56.00,0.7194,50-70
2026-07-16,3094,聯傑,20260715,40.45,6566.701,40.30,-0.3708,30-50
2026-07-16,4513,福裕,20260715,22.35,7486,22.05,-1.3423,<30
2026-07-16,4534,慶騰,20260715,38.50,5302,38.60,0.2597,30-50
2026-07-16,6505,台塑化,20260715,72.80,58608.577,74.50,2.3352,70-100
2026-07-16,6770,力積電,20260715,76.10,197628.288,74.90,-1.5769,70-100
2026-07-17,1710,東聯,20260716,17.50,20506.724,17.20,-1.7143,<30
2026-07-17,2484,希華,20260716,89.60,44330.696,86.50,-3.4598,70-100
2026-07-17,2527,宏璟,20260716,49.55,5300.151,49.05,-1.0091,30-50
2026-07-17,4939,亞電,20260716,66.80,31453,65.00,-2.6946,50-70
2026-07-17,6141,柏承,20260716,43.75,7322.123,42.00,-4.0000,30-50
2026-07-17,6505,台塑化,20260716,80.00,101601.924,79.60,-0.5000,70-100
2026-07-17,9914,美利達,20260716,84.20,13074.086,82.20,-2.3753,70-100
2026-07-21,2388,威盛,20260720,72.40,9638.215,71.70,-0.9669,70-100
2026-07-21,4939,亞電,20260720,66.20,28967,67.70,2.2659,50-70
2026-07-22,1710,東聯,20260721,16.95,13437.908,17.00,0.2950,<30
2026-07-22,1810,和成,20260721,31.05,32703.288,33.40,7.5684,30-50
2026-07-22,2312,金寶,20260721,33.10,23296.423,33.15,0.1511,30-50
2026-07-22,2630,亞航,20260721,58.90,10053.046,59.20,0.5093,50-70
2026-07-22,2634,漢翔,20260721,71.50,92665.583,73.00,2.0979,70-100
2026-07-22,3605,宏致,20260721,84.40,6731.941,85.90,1.7773,70-100
2026-07-22,4541,晟田,20260721,75.70,10264,79.80,5.4161,70-100
2026-07-22,4939,亞電,20260721,72.80,36348,76.90,5.6319,70-100
2026-07-22,5328,華容,20260721,60.30,6433,65.00,7.7944,50-70
2026-07-22,6505,台塑化,20260721,85.40,49355.848,87.40,2.3419,70-100
2026-07-22,8105,凌巨,20260721,17.65,5161.417,17.65,0.0000,<30
2026-07-23,1810,和成,20260722,34.15,36961.745,33.20,-2.7818,30-50
2026-07-23,2406,國碩,20260722,35.30,7159.572,35.80,1.4164,30-50
2026-07-23,3605,宏致,20260722,92.80,15920.917,93.00,0.2155,70-100
2026-07-23,5328,華容,20260722,66.30,6431,69.10,4.2232,50-70
2026-07-24,8111,立碁,20260723,56.80,8308,56.80,0.0000,50-70
2026-07-27,4707,磐亞,20260724,35.30,8010,34.60,-1.9830,30-50
2026-07-27,6243,迅杰,20260724,52.20,6751.053,54.90,5.1724,50-70
2026-07-28,2332,友訊,20260727,24.30,74548.808,23.70,-2.4691,<30
2026-07-28,3441,聯一光,20260727,70.70,12333,67.50,-4.5262,50-70
2026-07-28,5328,華容,20260727,67.20,32015,65.00,-3.2738,50-70
2026-07-29,6226,光鼎,20260728,20.50,23361.676,21.55,5.1220,<30
2026-07-30,3504,揚明光,20260729,68.60,6588.07,70.70,3.0612,70-100
2026-07-30,4976,佳凌,20260729,37.70,13072.274,38.00,0.7958,30-50
2026-07-30,6226,光鼎,20260729,22.55,16023.885,23.70,5.0998,<30
2026-08-03,1605,華新,20260731,31.45,26265.054,31.15,-0.9539,30-50
2026-08-03,1785,光洋科,20260731,99.40,5318,99.80,0.4024,70-100
2026-08-03,1815,富喬,20260731,66.30,14068,66.00,-0.4525,50-70
2026-08-03,2406,國碩,20260731,31.15,9103.61,30.55,-1.9262,30-50
2026-08-03,2425,承啟,20260731,46.95,6250.327,48.00,2.2364,30-50
2026-08-03,3441,聯一光,20260731,84.00,16122,87.00,3.5714,70-100
2026-08-03,3481,群創,20260731,45.50,365292.276,45.00,-1.0989,30-50
2026-08-03,3543,州巧,20260731,33.05,5518.095,33.00,-0.1513,30-50
2026-08-03,4976,佳凌,20260731,37.30,10308.569,37.00,-0.8043,30-50
2026-08-03,6770,力積電,20260731,54.50,25422.284,54.00,-0.9174,50-70
2026-08-03,8150,南茂,20260731,72.60,8999.473,73.00,0.5510,70-100
2026-08-04,1714,和桐,20260803,14.35,18803.193,14.35,0.0000,<30
2026-08-04,1718,中纖,20260803,9.60,20109.194,9.84,2.5000,<30
2026-08-04,1815,富喬,20260803,72.90,14621,75.00,2.8807,70-100
2026-08-04,2426,鼎元,20260803,55.30,8272.891,58.00,4.8825,50-70
2026-08-04,3441,聯一光,20260803,92.40,32991,93.50,1.1905,70-100
2026-08-04,3504,揚明光,20260803,75.30,6082.688,76.30,1.3280,70-100
2026-08-04,4939,亞電,20260803,55.80,9219,55.80,0.0000,50-70
2026-08-04,4989,榮科,20260803,61.10,8081.859,61.80,1.1457,50-70
2026-08-04,5351,鈺創,20260803,79.90,5244,84.90,6.2578,70-100
2026-08-04,5425,台半,20260803,80.40,6205,79.00,-1.7413,70-100
2026-08-04,6202,盛群,20260803,58.70,7476.225,57.50,-2.0443,50-70
2026-08-04,6209,今國光,20260803,69.80,5821.002,69.90,0.1433,50-70
2026-08-04,6226,光鼎,20260803,21.55,14078.051,22.20,3.0162,<30
2026-08-04,8110,華東,20260803,40.80,5552.273,41.00,0.4902,30-50
2026-08-04,8111,立碁,20260803,61.90,8101,62.50,0.9693,50-70
2026-08-05,1608,華榮,20260804,34.25,5652.537,33.95,-0.8759,30-50
2026-08-05,1802,台玻,20260804,52.30,40657.799,55.10,5.3537,50-70
2026-08-05,1815,富喬,20260804,80.10,18733,88.00,9.8627,70-100
2026-08-05,2426,鼎元,20260804,60.80,12273.675,64.90,6.7434,50-70
2026-08-05,2484,希華,20260804,69.90,30167.206,71.70,2.5751,70-100
2026-08-05,3048,益登,20260804,55.80,16234.234,59.00,5.7348,50-70
2026-08-05,3605,宏致,20260804,92.60,7975.211,93.20,0.6479,70-100
2026-08-05,4989,榮科,20260804,67.20,9392.616,68.50,1.9345,50-70
2026-08-05,5351,鈺創,20260804,87.80,13746,93.40,6.3781,70-100
2026-08-05,5371,中光電,20260804,82.70,14720,84.00,1.5719,70-100
2026-08-05,6770,力積電,20260804,60.10,186379.339,63.40,5.4908,50-70
2026-08-05,8131,福懋科,20260804,66.00,8432.843,68.00,3.0303,50-70
2026-08-06,1310,台苯,20260805,8.17,7230.149,8.19,0.2448,<30
2026-08-06,2489,瑞軒,20260805,33.10,23176.014,33.05,-0.1511,30-50
2026-08-06,3576,聯合再生,20260805,18.25,20856.161,17.85,-2.1918,<30
2026-08-06,5351,鈺創,20260805,96.50,31072,95.90,-0.6218,70-100
2026-08-06,6116,彩晶,20260805,14.20,36172.134,14.20,0.0000,<30
2026-08-06,6269,台郡,20260805,61.70,6285.859,60.70,-1.6207,50-70
2026-08-06,6547,高端疫苗,20260805,52.10,7631,52.20,0.1919,50-70
2026-08-06,6770,力積電,20260805,66.10,240808.216,66.40,0.4539,50-70
2026-08-06,8050,廣積,20260805,64.90,5928,67.40,3.8521,50-70
2026-08-07,1714,和桐,20260806,16.20,19116.072,17.00,4.9383,<30
2026-08-07,2006,東和鋼鐵,20260806,86.20,11103.363,85.60,-0.6961,70-100
2026-08-07,2354,鴻準,20260806,61.00,30110.388,62.70,2.7869,50-70
2026-08-07,6226,光鼎,20260806,22.85,13176.289,22.75,-0.4376,<30
2026-08-10,2031,新光鋼,20260807,45.00,10470.044,45.70,1.5556,30-50
2026-08-10,2425,承啟,20260807,52.90,14481.029,51.80,-2.0794,50-70
2026-08-10,4566,時碩工業,20260807,76.30,9812.354,79.90,4.7182,70-100
2026-08-11,1409,新纖,20260810,24.75,6300.637,24.80,0.2020,<30
2026-08-11,1455,集盛,20260810,9.90,5146.746,9.80,-1.0101,<30
2026-08-11,1605,華新,20260810,38.00,74196.432,37.90,-0.2632,30-50
2026-08-11,2030,彰源,20260810,20.45,8910.591,21.40,4.6455,<30
2026-08-11,2103,台橡,20260810,27.50,24706.261,27.80,1.0909,<30
2026-08-11,2409,友達,20260810,27.00,216206.48,27.85,3.1481,<30
2026-08-11,2465,麗臺,20260810,93.60,7060.43,94.60,1.0684,70-100
2026-08-11,3149,正達,20260810,69.00,12586.324,69.70,1.0145,50-70
2026-08-11,3481,群創,20260810,52.30,219970.431,51.40,-1.7208,50-70
2026-08-11,3624,光頡,20260810,82.20,5119,82.20,0.0000,70-100
2026-08-11,3704,合勤控,20260810,50.40,10803.641,47.20,-6.3492,30-50
2026-08-11,6116,彩晶,20260810,14.90,76264.713,14.65,-1.6779,<30
2026-08-11,6456,GIS-KY,20260810,67.60,6007.273,68.00,0.5917,50-70
2026-08-11,9921,巨大,20260810,101.50,9853.081,99.90,-1.5764,70-100
2026-08-11,9934,成霖,20260810,12.00,7763.295,11.85,-1.2500,<30
2026-08-12,5904,寶雅*,20260811,87.10,19823,90.60,4.0184,70-100
2026-08-13,1718,中纖,20260812,11.20,43321.816,11.35,1.3393,<30
2026-08-13,2324,仁寶,20260812,39.90,171747.289,40.10,0.5013,30-50
2026-08-13,2465,麗臺,20260812,95.50,8870.219,99.10,3.7696,70-100
2026-08-13,3441,聯一光,20260812,87.20,10760,87.40,0.2294,70-100
2026-08-13,4707,磐亞,20260812,33.00,6687,34.00,3.0303,30-50
2026-08-13,4960,誠美材,20260812,22.75,8189.408,22.75,0.0000,<30
2026-08-13,5864,致和證,20260812,33.45,5924,33.60,0.4484,30-50
2026-08-13,6770,力積電,20260812,73.70,428615.022,75.00,1.7639,70-100
2026-08-14,2305,全友,20260813,30.55,9345.048,31.55,3.2733,30-50
2026-08-14,3624,光頡,20260813,95.10,7581,96.20,1.1567,70-100
2026-08-17,1810,和成,20260814,27.55,24344.388,28.05,1.8149,<30
2026-08-17,2323,中環,20260814,11.30,15103.262,10.95,-3.0973,<30
2026-08-17,2324,仁寶,20260814,43.20,402245.118,43.35,0.3472,30-50
2026-08-17,2392,正崴,20260814,43.05,16947.397,43.25,0.4646,30-50
2026-08-17,2630,亞航,20260814,53.10,5282.246,54.70,3.0132,50-70
2026-08-17,2634,漢翔,20260814,70.60,79395.321,72.20,2.2663,70-100
2026-08-17,2915,潤泰全,20260814,59.50,14058.757,59.50,0.0000,50-70
2026-08-17,9945,潤泰新,20260814,29.80,37276.643,30.10,1.0067,30-50
2026-08-18,1727,中華化,20260817,82.60,5024.921,84.20,1.9370,70-100
2026-08-18,2426,鼎元,20260817,73.20,24340.496,73.20,0.0000,70-100
2026-08-18,2615,萬海,20260817,99.60,49767.959,99.90,0.3012,70-100
2026-08-18,3388,崇越電,20260817,92.20,9577,96.70,4.8807,70-100
2026-08-18,6163,華電網,20260817,46.80,5470,45.90,-1.9231,30-50
2026-08-19,3388,崇越電,20260818,101.00,11689,98.00,-2.9703,70-100
2026-08-19,5608,四維航,20260818,15.95,14628.709,16.20,1.5674,<30
2026-08-19,6226,光鼎,20260818,21.10,15604.523,21.10,0.0000,<30
2026-08-19,8070,長華*,20260818,54.40,13023.416,53.80,-1.1029,50-70
2026-08-20,5314,世紀*,20260819,21.50,11013,23.65,10.0000,<30
2026-08-20,5608,四維航,20260819,17.50,36193.751,18.35,4.8571,<30
2026-08-20,9914,美利達,20260819,88.60,6602.643,88.90,0.3386,70-100
2026-08-21,1515,力山,20260820,34.50,5075.009,35.00,1.4493,30-50
2026-08-21,2426,鼎元,20260820,74.80,29241.7,80.00,6.9519,70-100
2026-08-24,1709,和益,20260821,33.30,15257.404,34.25,2.8529,30-50
2026-08-24,2426,鼎元,20260821,82.20,28510.396,84.90,3.2847,70-100
2026-08-24,2489,瑞軒,20260821,35.65,35363.872,37.65,5.6101,30-50
2026-08-24,2601,益航,20260821,7.39,12206.714,8.03,8.6604,<30
2026-08-24,5608,四維航,20260821,18.75,54906.253,19.05,1.6000,<30
2026-08-25,3049,精金,20260824,12.70,10131.116,13.00,2.3622,<30
2026-08-25,6226,光鼎,20260824,23.30,19067.009,23.35,0.2146,<30
2026-08-26,2426,鼎元,20260825,90.80,60848.796,89.80,-1.1013,70-100
2026-08-26,2484,希華,20260825,79.30,18159.725,79.30,0.0000,70-100
2026-08-26,2489,瑞軒,20260825,40.55,70188.294,40.90,0.8631,30-50
2026-08-26,4939,亞電,20260825,71.70,31805,74.70,4.1841,70-100
2026-08-26,5314,世紀*,20260825,31.45,5355,34.55,9.8569,30-50
2026-08-26,6226,光鼎,20260825,25.60,74889.096,27.80,8.5938,<30
2026-08-27,1312,國喬,20260826,13.00,7416.765,14.30,10.0000,<30
2026-08-27,1709,和益,20260826,37.10,19572.536,37.35,0.6739,30-50
2026-08-27,2305,全友,20260826,31.00,10630.104,31.00,0.0000,30-50
2026-08-27,3162,精確,20260826,73.40,6185,72.90,-0.6812,70-100
2026-08-27,3339,泰谷,20260826,43.10,6885,42.80,-0.6961,30-50
2026-08-27,3543,州巧,20260826,45.10,6967.542,46.55,3.2151,30-50
2026-08-27,4939,亞電,20260826,78.80,30887,82.10,4.1878,70-100
2026-08-27,4989,榮科,20260826,66.90,7774.622,68.80,2.8401,50-70
2026-08-27,5425,台半,20260826,96.60,26209,97.00,0.4141,70-100
2026-08-27,6141,柏承,20260826,50.40,7151.867,53.50,6.1508,50-70
2026-08-27,6226,光鼎,20260826,28.15,7681.5,30.95,9.9467,30-50
2026-08-27,6547,高端疫苗,20260826,61.90,10171,61.90,0.0000,50-70
2026-08-27,7777,能率亞洲,20260826,41.50,6810,41.50,0.0000,30-50
2026-08-28,1312,國喬,20260827,14.30,7796.983,15.70,9.7902,<30
2026-08-28,2491,吉祥全,20260827,51.30,5064.112,56.40,9.9415,50-70
2026-08-28,3504,揚明光,20260827,94.10,10734.13,92.50,-1.7003,70-100
2026-08-28,4939,亞電,20260827,86.60,19807,91.80,6.0046,70-100
2026-08-28,6226,光鼎,20260827,30.95,27141.227,33.90,9.5315,30-50
2026-08-28,6269,台郡,20260827,72.90,16945.695,77.10,5.7613,70-100
2026-08-31,3645,達邁,20260828,76.60,8568.904,75.40,-1.5666,70-100
2026-08-31,4716,大立,20260828,19.15,5116,19.05,-0.5222,<30
2026-08-31,6179,亞通,20260828,30.40,10885,30.40,0.0000,30-50
2026-08-31,6226,光鼎,20260828,34.00,6185.486,35.25,3.6765,30-50
2026-08-31,8105,凌巨,20260828,16.65,6433.266,16.65,0.0000,<30
2026-09-01,1312,國喬,20260831,15.55,108410.961,15.80,1.6077,<30
2026-09-01,1326,台化,20260831,68.30,71396.602,69.30,1.4641,50-70
2026-09-01,8111,立碁,20260831,68.60,13392,72.80,6.1224,70-100
2026-09-02,1714,和桐,20260901,18.55,30675.263,18.55,0.0000,<30
2026-09-02,3141,晶宏,20260901,90.50,10308,93.50,3.3149,70-100
2026-09-02,8111,立碁,20260901,75.40,34235,75.00,-0.5305,70-100
2026-09-03,3141,晶宏,20260902,99.50,18047,99.50,0.0000,70-100
2026-09-03,4976,佳凌,20260902,41.55,12907.098,41.50,-0.1203,30-50
2026-09-07,3094,聯傑,20260904,46.50,17920.641,49.00,5.3763,30-50
2026-09-07,3624,光頡,20260904,93.20,9062,95.10,2.0386,70-100
2026-09-08,2436,偉詮電,20260907,71.70,15538.506,71.40,-0.4184,70-100
2026-09-08,5314,世紀*,20260907,35.20,6644,37.65,6.9602,30-50
2026-09-09,5314,世紀*,20260908,38.70,10137,42.55,9.9483,30-50
2026-09-09,6179,亞通,20260908,33.10,12134,33.05,-0.1511,30-50
2026-09-10,1409,新纖,20260909,26.85,89005.58,26.85,0.0000,<30
2026-09-10,2413,環科,20260909,50.50,9956.309,49.95,-1.0891,30-50
2026-09-10,3229,晟鈦,20260909,60.70,5363.549,62.50,2.9654,50-70
2026-09-10,5314,世紀*,20260909,42.55,49416,45.35,6.5805,30-50
2026-09-10,6179,亞通,20260909,36.40,25818,38.65,6.1813,30-50
2026-09-10,6505,台塑化,20260909,87.50,45847.473,87.50,0.0000,70-100
2026-09-11,2305,全友,20260910,38.50,17665.099,38.65,0.3896,30-50
2026-09-11,2338,光罩,20260910,45.65,12836.401,44.75,-1.9715,30-50
2026-09-11,5314,世紀*,20260910,46.80,38015,42.15,-9.9359,30-50
2026-09-11,6226,光鼎,20260910,32.60,15232.595,33.05,1.3804,30-50
2026-09-14,1528,恩德,20260911,21.20,9585.675,21.55,1.6509,<30
2026-09-14,3229,晟鈦,20260911,67.50,7223.482,68.60,1.6296,50-70
2026-09-15,1528,恩德,20260914,23.30,15628.482,23.75,1.9313,<30
2026-09-15,2305,全友,20260914,45.15,33465.049,45.60,0.9967,30-50
2026-09-15,6226,光鼎,20260914,33.00,33483.872,33.95,2.8788,30-50
2026-09-16,2468,華經,20260915,43.25,7140.627,43.25,0.0000,30-50
2026-09-16,6226,光鼎,20260915,36.30,81114.487,39.85,9.7796,30-50
2026-09-17,1709,和益,20260916,39.05,21302.413,40.80,4.4814,30-50
2026-09-17,2302,麗正,20260916,44.20,5846.455,43.95,-0.5656,30-50
2026-09-17,2305,全友,20260916,49.40,25857.898,52.80,6.8826,50-70
2026-09-17,2338,光罩,20260916,50.70,26655.259,52.90,4.3393,50-70
2026-09-17,2413,環科,20260916,53.00,6868.994,54.20,2.2642,50-70
2026-09-17,2489,瑞軒,20260916,41.25,36281.643,42.00,1.8182,30-50
2026-09-17,4956,光鋐,20260916,35.25,7633.753,36.10,2.4113,30-50
2026-09-17,6168,宏齊,20260916,32.15,17480.412,32.15,0.0000,30-50
2026-09-17,6218,豪勉,20260916,54.10,15166,56.00,3.5120,50-70
2026-09-17,6226,光鼎,20260916,39.90,6533.964,43.85,9.8997,30-50
2026-09-18,1314,中石化,20260917,8.96,128600.273,9.11,1.6741,<30
2026-09-18,1709,和益,20260917,42.95,35011.882,41.85,-2.5611,30-50
2026-09-18,2305,全友,20260917,54.30,7012.311,57.70,6.2615,50-70
2026-09-18,3066,李洲,20260917,28.30,5345,28.55,0.8834,<30
2026-09-18,4956,光鋐,20260917,38.75,8496.611,40.25,3.8710,30-50
2026-09-18,4960,誠美材,20260917,22.00,7450.308,23.00,4.5455,<30
2026-09-18,6133,金橋,20260917,26.05,13090.191,26.05,0.0000,<30
2026-09-18,6168,宏齊,20260917,35.35,29893.142,37.15,5.0919,30-50
2026-09-18,6179,亞通,20260917,41.45,13501,41.60,0.3619,30-50
2026-09-18,6226,光鼎,20260917,43.85,23028.325,44.05,0.4561,30-50
2026-09-18,6603,富強鑫,20260917,27.90,6344,28.35,1.6129,<30
